BEGIN TRANSACTION;
CREATE TABLE empleados (
        id INTEGER PRIMARY KEY,
        numero_nomina INTEGER,
        nombre TEXT NOT NULL,
        sucursal_id INTEGER NOT NULL,
        talla TEXT NOT NULL,
        puesto_hc TEXT,
        puesto_homologado TEXT,
        fecha_ingreso DATE,
        fecha_ingreso_puesto DATE,
        cumpleanos TEXT,
        ubicacion_hc TEXT,
        sexo TEXT,
        email TEXT,
        cemex_id TEXT,
        asesor_rh TEXT,
        prcrt TEXT,
        categoria TEXT,
        area_nom TEXT,
        FOREIGN KEY (sucursal_id) REFERENCES sucursales (id)
    );
INSERT INTO "empleados" VALUES(1,1737565,'Nicolas Saucedo, Galilea',1,'Por definir','Administrador de Ventas','Adve','2024-01-23','2024-07-01','16-Mar','Pmx Acapulco','F','GALILEA.NICOLAS@CEMEX.COM','GNICOLASS','Soto Rojas, Yaricsi Veronica','810816','Adm','Ms');
INSERT INTO "empleados" VALUES(2,1707599,'Morales Cruz, Emmanuel',1,'Por definir','Jefe de Almacen','Almacenista','2021-01-01','2021-07-01','28-Ene','Pmx Acapulco','M','emmanuel.morales@cemex.com','emmoralesc','Soto Rojas, Yaricsi Veronica','810816','Adm','Ms');
INSERT INTO "empleados" VALUES(3,1729118,'Apolonio Cruz, Gabriel',1,'Por definir','Cargador','Cargador','2023-04-14','2023-04-14','17-Ene','Pmx Acapulco','M','gabriel.apolonio@cemex.com','gapolonio','Soto Rojas, Yaricsi Veronica','810816','Ope','Zw');
INSERT INTO "empleados" VALUES(4,1743365,'Rumbo Sanchez, Sergio Adrian',1,'Por definir','Cargador','Cargador','2024-08-12','2024-08-12','8-Sep','Pmx Acapulco','M','SERGIO.RUMBO@CEMEX.COM','','Soto Rojas, Yaricsi Veronica','810816','Ope','Zw');
INSERT INTO "empleados" VALUES(5,1747590,'Robles Tlacotempa, Roy David',1,'Por definir','Cargador','Cargador','2025-02-26','2025-02-26','28-Oct','Pmx Acapulco','M','ROY.ROBLES@CEMEX.COM','RDROBLEST','Soto Rojas, Yaricsi Veronica','810816','Ope','Zw');
INSERT INTO "empleados" VALUES(6,1717027,'de Jesus Mora, Hugo',1,'Por definir','Chofer Cargador','Chofer','2021-12-06','2021-12-06','1-Abr','Pmx Acapulco','M','hugo.dejesus@cemex.com','hdejesusm','Soto Rojas, Yaricsi Veronica','810816','Ope','Zw');
INSERT INTO "empleados" VALUES(7,1723619,'Salmeron Chavez, Fidel',1,'Por definir','Chofer Cargador','Chofer','2022-08-29','2022-08-29','26-Ene','Pmx Acapulco','M','fidel.salmeron@cemex.com','fsalmeron','Soto Rojas, Yaricsi Veronica','810816','Ope','Zw');
INSERT INTO "empleados" VALUES(8,1737873,'Nicolas Acevedo, Bertin',1,'Por definir','Chofer','Chofer','2024-01-27','2024-02-26','2-Abr','Pmx Acapulco','M','BERTIN.NICOLAS@CEMEX.COM','BNICOLASA','Soto Rojas, Yaricsi Veronica','810816','Ope','Zw');
INSERT INTO "empleados" VALUES(9,1738074,'Perez Ramirez, Ricardo',1,'Por definir','Chofer Cargador','Chofer','2024-08-01','2025-02-24','13-Abr','Pmx Acapulco','M','','RCPEREZR','Soto Rojas, Yaricsi Veronica','810816','Ope','Zw');
INSERT INTO "empleados" VALUES(10,1702642,'Gutierrez Maldonado, Christian',1,'Por definir','Gerente de Tienda sr','Gerente de Tienda','2020-06-16','2023-09-01','10-Abr','Pmx Acapulco','M','christian.gutierrezm@cemex.com','chgutierrezm','Soto Rojas, Yaricsi Veronica','810816','Tyo','Mc');
INSERT INTO "empleados" VALUES(11,1707600,'Reyes Rodriguez, Martin Alan',1,'Por definir','Asesor Comercial a','Vendedor Calle','2021-01-01','2021-01-01','12-Jun','Pmx Acapulco','M','martinalan.reyes@cemex.com','mrtreyesr','Soto Rojas, Yaricsi Veronica','810816','Adm','Ms');
INSERT INTO "empleados" VALUES(12,1713523,'Santos Delgado, Gustavo',2,'Por definir','Administrador de Ventas','Adve','2021-07-23','2021-07-23','14-Ago','Pmx Aguascalientes Siglo Xxi','M','gustavo.santosdelgado@cemex.com','gsantosdel','Ruiz Perez, Juan Fernando','810706','Adm','Ms');
INSERT INTO "empleados" VALUES(13,1748288,'Puy Valderrama, Alan',2,'Por definir','Cargador','Cargador','2025-04-04','2025-04-04','4-Sep','Pmx Aguascalientes Siglo Xxi','M','ALAN.PUY@CEMEX.COM','APUYV','Ruiz Perez, Juan Fernando','810706','Ope','Zw');
INSERT INTO "empleados" VALUES(14,1701267,'Esparza Martinez, Juan Antonio',2,'Por definir','Chofer Cargador','Chofer','2020-03-16','2023-09-11','15-May','Pmx Aguascalientes Siglo Xxi','M','','jesparzam','Ruiz Perez, Juan Fernando','810706','Ope','Zw');
INSERT INTO "empleados" VALUES(15,1740517,'de la Cruz Lopez, Gustavo Andres',2,'Por definir','Chofer Cargador b','Chofer','2024-05-09','2024-07-29','30-Jun','Pmx Aguascalientes Siglo Xxi','M','GUSTAVO.DELACRUZ@CEMEX.COM','GADELACRUZ','Ruiz Perez, Juan Fernando','810706','Ope','Zw');
INSERT INTO "empleados" VALUES(16,1736638,'Pano Magaña, Valeria',2,'Por definir','Gerente de Tienda jr','Gerente de Tienda','2023-12-16','2023-12-16','15-Abr','Pmx Aguascalientes Siglo Xxi','F','VALERIA.PANO@CEMEX.COM','VPANOM','Ruiz Perez, Juan Fernando','810706','Adm','Ms');
INSERT INTO "empleados" VALUES(17,1710867,'Salgado Peralta, Jose Alberto',3,'Por definir','Administrador de Ventas','Adve','2021-06-01','2025-03-01','23-Sep','Pmx Atizapan','M','josealberto.salgado@cemex.com','jssalgadop','Acosta Herrera, Bertha Patricia','810628','Adm','Ms');
INSERT INTO "empleados" VALUES(18,1734279,'Hernandez Garcia, Ariel Ivan',3,'Por definir','Chofer Cargador a','Chofer','2023-09-12','2023-09-12','1-Oct','Pmx Atizapan','M','ARIELIVAN.HERNANDEZ@CEMEX.COM','ARLHERNANDZG','Acosta Herrera, Bertha Patricia','810628','Ope','Zw');
INSERT INTO "empleados" VALUES(19,1739035,'Jimenez Perez, Andres Eduardo',3,'Por definir','Chofer Cargador a','Chofer','2024-03-13','2024-03-13','20-Oct','Pmx Atizapan','M','ANDRESE.JIMENEZP@CEMEX.COM','AEJIMENEZ','Acosta Herrera, Bertha Patricia','810628','Ope','Zw');
INSERT INTO "empleados" VALUES(20,1703610,'Romero Dominguez, Rocio Sarai',3,'Por definir','Jefe de Tienda jr','Jefe de Tienda','2020-08-16','2023-07-01','11-Dic','Pmx Atizapan','F','rocios.romerod@cemex.com','rromerod','Acosta Herrera, Bertha Patricia','810628','Adm','Ms');
INSERT INTO "empleados" VALUES(21,1732668,'Lopez Rivera, Mauricio Arturo',3,'Por definir','Asesor Comercial b','Vendedor Calle','2023-08-01','2024-10-01','17-Mar','Pmx Atizapan','M','mauricioarturo.lopez@cemex.com','mrclopezr','Acosta Herrera, Bertha Patricia','810628','Adm','Ms');
INSERT INTO "empleados" VALUES(22,1701196,'Rojas Ehuan, Alba Mercedes',4,'Por definir','Administrador de Ventas','Adve','2020-03-16','2020-03-16','24-Sep','Pmx Campeche','F','albamercedes.rojas@cemex.com','arojase','Sanchez Carrillo, Maria Gabriela','810506','Adm','Ms');
INSERT INTO "empleados" VALUES(23,198238,'Dzul Moo, Jose Luis',4,'Por definir','Jefe de Almacen','Almacenista','2013-01-01','2013-01-01','16-Feb','Pmx Campeche','M','joseluis.dzul@cemex.com','jldzul','Sanchez Carrillo, Maria Gabriela','810506','Adm','Mv');
INSERT INTO "empleados" VALUES(24,1701242,'Canche Quen, Pablo Manuel',4,'Por definir','Cargador','Cargador','2020-03-16','2020-03-16','6-Jun','Pmx Campeche','M','','PCANCHE','Sanchez Carrillo, Maria Gabriela','810506','Ope','Zw');
INSERT INTO "empleados" VALUES(25,1708392,'May Quijano, Leonardo Damian',4,'Por definir','Cargador b','Cargador','2021-02-15','2021-02-15','2-Feb','Pmx Campeche','M','','LEONARDODMAY','Sanchez Carrillo, Maria Gabriela','810506','Ope','Zw');
INSERT INTO "empleados" VALUES(26,198154,'Lopez Perez, Feliciano',4,'Por definir','Cargador','Cargador','2013-01-01','2022-08-01','17-Ene','Pmx Campeche','M','feliciano.lopez@cemex.com','flopezper','Sanchez Carrillo, Maria Gabriela','810506','Ope','Zw');
INSERT INTO "empleados" VALUES(27,165794,'Gamas Lara, Lenin Napoleon',4,'Por definir','Chofer Cargador','Chofer','2013-01-01','2022-08-01','17-May','Pmx Campeche','M','lenin.gamas@cemex.com','LNGAMASL','Sanchez Carrillo, Maria Gabriela','810506','Ope','Zw');
INSERT INTO "empleados" VALUES(28,1701223,'Licona Cibarra, Jesus Manuel',4,'Por definir','Chofer Cargador','Chofer','2020-03-16','2020-03-16','1-Ene','Pmx Campeche','M','','JLICONA','Sanchez Carrillo, Maria Gabriela','810506','Ope','Zw');
INSERT INTO "empleados" VALUES(29,1704049,'Lopez Lopez, Jose Juan',4,'Por definir','Chofer Cargador b','Chofer','2020-08-17','2020-08-17','8-Mar','Pmx Campeche','M','','jsjlopez','Sanchez Carrillo, Maria Gabriela','810506','Ope','Zw');
INSERT INTO "empleados" VALUES(30,1700834,'Quijano Cabrera, Edgardo Arturo',4,'Por definir','Gerente de Tienda sr','Gerente de Tienda','2020-03-16','2021-12-01','1-Feb','Pmx Campeche','M','edgardoarturo.quijano@cemex.com','equijano','Sanchez Carrillo, Maria Gabriela','810506','Tyo','Mc');
INSERT INTO "empleados" VALUES(31,1704048,'Chel Sanchez, Mauricio Lorenzo',4,'Por definir','Asesor Comercial a','Vendedor Calle','2020-08-16','2020-08-16','15-Ago','Pmx Campeche','M','mauricio.chel@cemex.com','mrclchel','Sanchez Carrillo, Maria Gabriela','810506','Adm','Ms');
INSERT INTO "empleados" VALUES(32,1703803,'Kanxoc Pech, Angel Omar',5,'Por definir','Administrador de Ventas','Adve','2020-08-17','2022-12-01','23-Ene','Pmx Cancun','M','angelomar.kanxoc@cemex.com','akanxoc','Benavente Fernandez, Luis Fernando','810503','Adm','Ms');
INSERT INTO "empleados" VALUES(33,1736406,'Torres Casanova, Froylan David',5,'Por definir','Cargador a','Cargador','2023-11-20','2023-11-20','27-Dic','Pmx Cancun','M','FROYLAN.TORRES@CEMEX.COM','FDTORRESC','Benavente Fernandez, Luis Fernando','810503','Ope','Zw');
INSERT INTO "empleados" VALUES(34,1747831,'Diaz Sanchez, Ixzahel',5,'Por definir','Cargador a','Cargador','2025-03-10','2025-03-10','5-Feb','Pmx Cancun','M','IXZAHEL.DIAZ@CEMEX.COM','IDIAZ','Benavente Fernandez, Luis Fernando','810503','Ope','Zw');
INSERT INTO "empleados" VALUES(35,1748503,'Cristobal Maya, Oscar Adrian',5,'Por definir','Cargador a','Cargador','2025-04-17','2025-04-17','18-Ago','Pmx Cancun','M','OSCAR.CRISTOBAL@CEMEX.COM','OACRISTOBAL','Benavente Fernandez, Luis Fernando','810503','Ope','Zw');
INSERT INTO "empleados" VALUES(36,1703802,'Garcia Hernandez, Floricel',5,'Por definir','Chofer Cargador','Chofer','2023-10-23','2023-10-23','27-Nov','Pmx Cancun','M','FLORICEL.GARCIA@CEMEX.COM','FLGARCIAH','Benavente Fernandez, Luis Fernando','810503','Ope','Zw');
INSERT INTO "empleados" VALUES(37,1707062,'Zamorano Barco, Moises',5,'Por definir','Chofer Cargador','Chofer','2020-11-11','2024-05-06','17-Abr','Pmx Cancun','M','','MZAMBRANOB','Benavente Fernandez, Luis Fernando','810503','Ope','Zw');
INSERT INTO "empleados" VALUES(38,1739926,'Perez Jimenez, Erik Ramiro',5,'Por definir','Chofer Cargador','Chofer','2024-04-15','2024-04-15','16-Sep','Pmx Cancun','M','ERIKR.PEREZJ@CEMEX.COM','ERPEREZJ','Benavente Fernandez, Luis Fernando','810503','Ope','Zw');
INSERT INTO "empleados" VALUES(39,1744412,'Diaz Cadenas, Juan Carlos',5,'Por definir','Chofer Cargador','Chofer','2024-09-16','2024-12-02','28-Nov','Pmx Cancun','M','JUANC.DIAZC@CEMEX.COM','JCDIAZC','Benavente Fernandez, Luis Fernando','810503','Ope','Zw');
INSERT INTO "empleados" VALUES(40,1713334,'Mora Valencia, Salvador Ismael',5,'Por definir','Gerente de Tienda sr','Gerente de Tienda','2021-07-16','2024-08-01','1-Abr','Pmx Cancun','M','salvador.mora@cemex.com','simora','Benavente Fernandez, Luis Fernando','810503','Adm','Ms');
INSERT INTO "empleados" VALUES(41,1703800,'Cruz Salinas, Mauricio',5,'Por definir','Asesor Comercial a','Vendedor Calle','2020-08-16','2020-08-16','31-Oct','Pmx Cancun','M','mauricio.cruzs@cemex.com','mcruzs','Benavente Fernandez, Luis Fernando','810503','Adm','Ms');
INSERT INTO "empleados" VALUES(42,1739440,'Contreras Quetzal, Luis Fernando',5,'Por definir','Asesor Comercial a','Vendedor Calle','2024-03-25','2025-01-07','12-Jul','Pmx Cancun','M','LUISF.CONTRERASQ@CEMEX.COM','LFCONTRERASQ','Benavente Fernandez, Luis Fernando','810503','Adm','Ms');
INSERT INTO "empleados" VALUES(43,1701236,'Mendoza Lara, Manuel Antonio',6,'Por definir','Jefe de Almacen','Almacenista','2020-03-16','2020-03-16','10-Jun','Pmx Cancun','M','manuelantonio.mendoza@cemex.com','mmendozal','Benavente Fernandez, Luis Fernando','810512','Adm','Ms');
INSERT INTO "empleados" VALUES(44,1701238,'Perez Santiago, Mario Alberto',6,'Por definir','Asesor de Servicio de Despacho','Asesor de Servicio de Despacho','2020-03-16','2020-03-16','17-Mar','Pmx Cancun ol','M','marioalberto.perezs@cemex.com','mrperezs','Benavente Fernandez, Luis Fernando','810512','Adm','Ms');
INSERT INTO "empleados" VALUES(45,1735871,'Perez Gomez, Erdman Adrian',6,'Por definir','Ayudante General','Ayudante General','2023-10-26','2024-01-01','28-Mar','Pmx Cancun ol','M','ERDMAN.PEREZ@CEMEX.COM','EAPEREZG','Benavente Fernandez, Luis Fernando','810512','Ope','Zw');
INSERT INTO "empleados" VALUES(46,1740519,'Perez Gomez, Edgar Daniel',6,'Por definir','Ayudante General','Ayudante General','2024-05-10','2024-05-10','10-Nov','Pmx Cancun ol','M','EDGARD.PEREZG@CEMEX.COM','EDGARDPEREZ','Benavente Fernandez, Luis Fernando','810512','Ope','Zw');
INSERT INTO "empleados" VALUES(47,1743961,'Garrido zi, Jose Arnulfo',6,'Por definir','Ayudante General','Ayudante General','2024-08-26','2024-08-26','8-Nov','Pmx Cancun ol','M','JOSE.GARRIDO@CEMEX.COM','JAGARRIDO Z','Benavente Fernandez, Luis Fernando','810512','Ope','Zw');
INSERT INTO "empleados" VALUES(48,1745085,'Vargas Palancares, Baruck Sebastian',6,'Por definir','Ayudante General','Ayudante General','2024-10-14','2024-10-14','17-Oct','Pmx Cancun ol','M','BARUCK.VARGAS@CEMEX.COM','BSVARGAS','Benavente Fernandez, Luis Fernando','810512','Ope','Zw');
INSERT INTO "empleados" VALUES(49,1700935,'Gonzalez Urbina, Joaquin',6,'Por definir','Montacarguista','Montacarguista','2020-03-16','2024-01-01','9-Oct','Pmx Cancun ol','M','JOAQUIN.GONZALEZU@CEMEX.COM','JGONZALEZU','Benavente Fernandez, Luis Fernando','810512','Ope','Zw');
INSERT INTO "empleados" VALUES(50,1700945,'Hernandez Gomez, Jorge Luis',6,'Por definir','Montacarguista','Montacarguista','2020-03-16','2024-01-01','27-Dic','Pmx Cancun ol','M','JORGELUIS.HERNANDEZG@CEMEX.COM','JRGHERNANDZG','Benavente Fernandez, Luis Fernando','810512','Ope','Zw');
INSERT INTO "empleados" VALUES(51,1747043,'Jimenez Lopez, Ever Ivan',6,'Por definir','Montacarguista','Montacarguista','2025-01-31','2025-01-31','16-May','Pmx Cancun ol','M','EVER.JIMENEZ@CEMEX.COM','EIJIMENEZ','Benavente Fernandez, Luis Fernando','810512','Ope','Zw');
INSERT INTO "empleados" VALUES(52,1701149,'Sonda Canul, Roger',6,'Por definir','Supervisor de Area','Supervisor de Area','2020-03-16','2020-03-16','2-Ago','Pmx Cancun ol','M','roger.sonda@cemex.com','rsonda','Benavente Fernandez, Luis Fernando','810512','Adm','Ms');
INSERT INTO "empleados" VALUES(53,146714,'Valenzuela Castillo, Liliana Patricia',7,'Por definir','Administrador de Ventas','Adve','2020-08-16','2020-08-16','12-Ene','Pmx Cd. Del Carmen','F','lilianap.valenzuelac@cemex.com','lvalenzuelac','Sanchez Carrillo, Maria Gabriela','810504','Adm','Ms');
INSERT INTO "empleados" VALUES(54,1732722,'Morales Sandoval, Carlos Antonio',7,'Por definir','Cargador','Cargador','2023-07-27','2023-07-27','24-Ene','Pmx Cd. Del Carmen','M','carlosantonio.moralessandoval@cemex.com','cmoralessa','Sanchez Carrillo, Maria Gabriela','810504','Ope','Zw');
INSERT INTO "empleados" VALUES(55,1738722,'Lopez Delgado, Armando Daniel',7,'Por definir','Cargador','Cargador','2024-02-27','2024-02-27','5-Dic','Pmx Cd. Del Carmen','M','ARMANDOD.LOPEZD@CEMEX.COM','ADLOPEZD','Sanchez Carrillo, Maria Gabriela','810504','Ope','Zw');
INSERT INTO "empleados" VALUES(56,191449,'Mendoza Solano, Hipolito',7,'Por definir','Cargador','Cargador','2013-01-01','2023-09-11','18-Jun','Pmx Cd. Del Carmen','M','hipolito.mendoza@cemex.com','HPMENDOZA','Sanchez Carrillo, Maria Gabriela','810504','Ope','Zw');
INSERT INTO "empleados" VALUES(57,1409247,'Sanchez Lopez, Angel Rafael',7,'Por definir','Chofer Cargador','Chofer','2014-10-01','2023-09-11','1-Oct','Pmx Cd. Del Carmen','M','angel rafael.sanchez@cemex.com','nsanchezlp','Sanchez Carrillo, Maria Gabriela','810504','Ope','Zw');
INSERT INTO "empleados" VALUES(58,196034,'Lazaro Cruz, Santiago',7,'Por definir','Chofer Cargador','Chofer','2013-01-01','2022-08-01','28-Sep','Pmx Cd. Del Carmen','M','santiago.lazaro','slazaro','Sanchez Carrillo, Maria Gabriela','810504','Ope','Zw');
INSERT INTO "empleados" VALUES(59,191819,'Espinoza Mendoza, Ricardo Javier',7,'Por definir','Jefe de Tienda jr','Jefe de Tienda','2013-01-01','2013-01-01','23-Ago','Pmx Cd. Del Carmen','M','ricardojavier.espinozamendoza@cemex.com','rjespinoza','Sanchez Carrillo, Maria Gabriela','810504','Adm','Mv');
INSERT INTO "empleados" VALUES(60,1707625,'Navarro Gomez, Isaac',8,'Por definir','Chofer Cargador b','Chofer','2021-01-01','2021-01-01','8-May','Pmx Cd. Guzman','M','isaac.navarro@cemex.com','inavarrog','Madera Esparza, Elias Emmanuel','810756','Ope','Zw');
INSERT INTO "empleados" VALUES(61,1700746,'Cerpa Velazco, Alonso Jonathan',8,'Por definir','Jefe de Tienda sr','Jefe de Tienda','2020-03-16','2022-07-01','11-Ene','Pmx Cd. Guzman','M','alonsojonathan.cerpa@cemex.com','acerpa','Madera Esparza, Elias Emmanuel','810756','Adm','Ms');
INSERT INTO "empleados" VALUES(62,1744420,'Poot Quijada, Lourdes Elizabeth',9,'Por definir','Administrador de Ventas','Adve','2024-10-01','2024-10-01','28-Nov','Pmx Chetumal','F','LOURDES.POOT@CEMEX.COM','LEPOOT','Benavente Fernandez, Luis Fernando','810505','Adm','Ms');
INSERT INTO "empleados" VALUES(63,197168,'Torrez Palacios, Jaime',9,'Por definir','Jefe de Almacen','Almacenista','2013-01-01','2013-01-01','22-Feb','Pmx Chetumal','M','jaime.torrez@cemex.com','jtorrez','Benavente Fernandez, Luis Fernando','810505','Adm','Mv');
INSERT INTO "empleados" VALUES(64,1726661,'Sanchez Trejo, Leonardo Daniel',9,'Por definir','Cargador a Promexma','Cargador','2023-01-09','2023-01-16','21-Oct','Pmx Chetumal','M','leonardodaniel.sanchez@cemex.com','lnsanchezt','Benavente Fernandez, Luis Fernando','810505','Ope','Zw');
INSERT INTO "empleados" VALUES(65,1743462,'Gomez Che, Marcelino Alejandro',9,'Por definir','Cargador a','Cargador','2024-08-12','2024-08-12','2-Nov','Pmx Chetumal','M','MARCELINO.GOMEZ@CEMEX.COM','MARCELINOAGM','Benavente Fernandez, Luis Fernando','810505','Ope','Zw');
INSERT INTO "empleados" VALUES(66,1746031,'Jimenez Quevedo, Kevin Daniel',9,'Por definir','Cargador a','Cargador','2024-12-02','2024-12-02','17-Ago','Pmx Chetumal','M','KEVIN.JIMENEZ@CEMEX.COM','KDJIMENEZ','Benavente Fernandez, Luis Fernando','810505','Ope','Zw');
INSERT INTO "empleados" VALUES(67,1746391,'Poot Marquez, Hiran Isai',9,'Por definir','Cargador a','Cargador','2024-12-19','2024-12-19','18-Ago','Pmx Chetumal','M','HIRAN.POOT@CEMEX.COM','HIPOOT','Benavente Fernandez, Luis Fernando','810505','Ope','Zw');
INSERT INTO "empleados" VALUES(68,191722,'Garrido Juarez, Alfredo',9,'Por definir','Cargador a','Cargador','2013-01-01','2023-08-28','13-Feb','Pmx Chetumal','M','alfredo.garrido@cemex.com','AGARRIDOJ','Benavente Fernandez, Luis Fernando','810505','Ope','Zw');
INSERT INTO "empleados" VALUES(69,1707521,'Herrera Ferral, Brian Alfredo',9,'Por definir','Chofer Cargador','Chofer','2020-12-21','2023-08-28','24-Oct','Pmx Chetumal','M','','BHERRERAF','Benavente Fernandez, Luis Fernando','810505','Ope','Zw');
INSERT INTO "empleados" VALUES(70,1735762,'Fuentes Alvarez, Amilcar',9,'Por definir','Chofer Cargador','Chofer','2023-10-23','2024-03-25','4-Sep','Pmx Chetumal','M','AMILCAR.FUENTES@CEMEX.COM','AFUENTESA','Benavente Fernandez, Luis Fernando','810505','Ope','Zw');
INSERT INTO "empleados" VALUES(71,198223,'Liceas Ramirez, Humberto Aristeo',9,'Por definir','Chofer Cargador','Chofer','2013-01-01','2024-03-11','5-Ago','Pmx Chetumal','M','HUMBERTOARISTEO.LICEAS@CEMEX.COM','haliceas','Benavente Fernandez, Luis Fernando','810505','Ope','Zw');
INSERT INTO "empleados" VALUES(72,1701235,'Pino Azarcoya, Luz Angelica',9,'Por definir','Gerente de Tienda jr','Gerente de Tienda','2020-03-16','2020-03-16','3-Sep','Pmx Chetumal','F','luzangelica.pino@cemex.com','lznglpino','Benavente Fernandez, Luis Fernando','810505','Adm','Ms');
INSERT INTO "empleados" VALUES(73,1740580,'Garcia Mezeta, Angel Manuel',9,'Por definir','Asesor Comercial a','Vendedor Calle','2024-05-16','2024-05-16','21-Jun','Pmx Chetumal','M','ANGELM.GARCIAM@CEMEX.COM','ANGELMGARCIA','Benavente Fernandez, Luis Fernando','810505','Adm','Ms');
INSERT INTO "empleados" VALUES(74,1732470,'Herrera Guerrero, Elizabeth',10,'Por definir','Administrador de Ventas','Adve','2023-08-16','2023-08-16','14-Feb','Pmx Chimalhuacan','F','elizabeth.herrera@cemex.com','eherrerag','Acosta Herrera, Bertha Patricia','811003','Adm','Ms');
INSERT INTO "empleados" VALUES(75,1730465,'Diez Gutierrez Ronquillo, Juan Carlos',10,'Por definir','Chofer Cargador a','Chofer','2023-05-30','2023-09-11','1-Ene','Pmx Chimalhuacan','M','juancarlos.diezgutierrez@cemex.com','jdiezgutie','Acosta Herrera, Bertha Patricia','811003','Ope','Zw');
INSERT INTO "empleados" VALUES(76,1741048,'Saldaña Hernandez, Elias',10,'Por definir','Chofer Cargador a','Chofer','2024-09-14','2024-05-28','3-Mar','Pmx Chimalhuacan','M','','ESALDANAH','Acosta Herrera, Bertha Patricia','811003','Ope','Zw');
INSERT INTO "empleados" VALUES(77,1703599,'Patricio Cordero, Oscar Alejandro',10,'Por definir','Jefe de Tienda sr','Jefe de Tienda','2020-08-16','2023-12-01','16-Nov','Pmx Chimalhuacan','M','oscaralejandro.patricio@cemex.com','opatricio','Acosta Herrera, Bertha Patricia','811003','Adm','Ms');
INSERT INTO "empleados" VALUES(78,1732937,'Valera Gonzalez, Joyce Esteban',10,'Por definir','Asesor Comercial b','Vendedor Calle','2023-08-16','2023-08-16','7-Jun','Pmx Chimalhuacan','M','joyceesteban.valera@cemex.com','jvalerag','Acosta Herrera, Bertha Patricia','811003','Adm','Ms');
INSERT INTO "empleados" VALUES(79,1703404,'Martinez Cerqueda, Magali',11,'Por definir','Jefe de Almacen','Almacenista','2020-08-16','2020-08-16','15-Jun','Pmx Chipilo','F','magali.martinezcerqueda@cemex.com','mglmartinezc','Ochoa Barragan, Valeria Jackeline','810813','Adm','Ms');
INSERT INTO "empleados" VALUES(80,1728481,'Rodriguez Ramirez, Luis Fernando',11,'Por definir','Cargador a','Cargador','2025-01-06','2025-01-06','26-Ago','Pmx Chipilo','M','luisfernando.rodriguezr@cemex.com','lsrodriguezr','Ochoa Barragan, Valeria Jackeline','810813','Ope','Zw');
INSERT INTO "empleados" VALUES(81,1748216,'Ramos Cuautle, Maximo',11,'Por definir','Cargador a','Cargador','2025-03-31','2025-03-31','29-Oct','Pmx Chipilo','M','MAXIMO.RAMOS@CEMEX.COM','MXRAMOS','Ochoa Barragan, Valeria Jackeline','810813','Ope','Zw');
INSERT INTO "empleados" VALUES(82,1736539,'Sarabia Lopez, Victor',11,'Por definir','Chofer Cargador a','Chofer','2024-11-08','2025-03-17','7-Ene','Pmx Chipilo','M','SARABIAVELAZQUEZ4@GMAIL.COM','VSARABIAL','Ochoa Barragan, Valeria Jackeline','810813','Ope','Zw');
INSERT INTO "empleados" VALUES(83,1401363,'Diaz Covarrubias, Oscar Gabriel',11,'Por definir','Gerente de Tienda jr','Gerente de Tienda','2013-03-01','2013-03-01','16-Sep','Pmx Chipilo','M','oscargabriel.diaz@cemex.com','oscargabrieldiaz','Ochoa Barragan, Valeria Jackeline','810813','Tyo','Mc');
INSERT INTO "empleados" VALUES(84,1704326,'Rodriguez Espinosa, Erick',11,'Por definir','Asesor Comercial b','Vendedor Calle','2020-08-16','2020-08-16','26-Abr','Pmx Tlaxcala','M','erick.rodrigueze@cemex.com','errodrigueze','Ochoa Barragan, Valeria Jackeline','810813','Adm','Ms');
INSERT INTO "empleados" VALUES(85,1743412,'Rojas Ramirez, Aldo Ivan',11,'Por definir','Asesor Comercial a','Vendedor Calle','2024-08-16','2024-08-16','17-Jun','Pmx Chipilo','M','ALDO.ROJAS@CEMEX.COM','AIROJAS','Ochoa Barragan, Valeria Jackeline','810813','Adm','Ms');
INSERT INTO "empleados" VALUES(86,1731672,'Pineda Velasco, Pablo Humberto',12,'Por definir','Cargador b','Cargador','2023-06-28','2023-06-28','8-Jul','Pmx Minatitlan','M','pablohumberto.pineda@cemex.com','ppinedav','Varela Lopez, Francisco Antonio','810557','Ope','Zw');
INSERT INTO "empleados" VALUES(87,1703384,'Hernandez Martinez, Telesforo',12,'Por definir','Chofer Cargador a','Chofer','2020-08-17','2020-08-17','5-Ene','Pmx Minatitlan','M','','tlhernandez','Varela Lopez, Francisco Antonio','810557','Ope','Zw');
INSERT INTO "empleados" VALUES(88,1701232,'Carrasco Guzman, Juan Daniel',12,'Por definir','Jefe de Tienda sr','Jefe de Tienda','2020-03-16','2020-03-16','16-Abr','Pmx Minatitlan','M','juandaniel.carrasco@cemex.com','jcarrasco','Varela Lopez, Francisco Antonio','810557','Adm','Ms');
INSERT INTO "empleados" VALUES(89,1703972,'Flores Villar, Christian de Jesus',13,'Por definir','Administrador de Ventas','Adve','2020-08-16','2020-08-16','21-Nov','Pmx Comitan','M','christiand.floresv@cemex.com','cfloresv','Orozco Lagunas, Berenice','810909','Adm','Ms');
INSERT INTO "empleados" VALUES(90,1703962,'Aguilar Aguilar, Guadalupe',13,'Por definir','Cargador b','Cargador','2020-08-17','2020-08-17','10-Dic','Pmx Comitan','M','guadalupe.aguilar@cemex.com','gaguilara','Orozco Lagunas, Berenice','810909','Ope','Zw');
INSERT INTO "empleados" VALUES(91,1703960,'Aguilar Lopez, Marco Antonio',13,'Por definir','Chofer Cargador a','Chofer','2020-08-17','2020-08-17','17-Mar','Pmx Comitan','M','marcoantonio.aguilar@cemex.com','maguilarl','Orozco Lagunas, Berenice','810909','Ope','Zw');
INSERT INTO "empleados" VALUES(92,1703981,'Trujillo Morales, Carlos Enrique',13,'Por definir','Chofer Cargador a','Chofer','2020-08-17','2020-08-17','10-Ago','Pmx Comitan','M','carlosenrique.trujillo@cemex.com','ctrujillom','Orozco Lagunas, Berenice','810909','Ope','Zw');
INSERT INTO "empleados" VALUES(93,1748036,'Santiago Martinez, Angel Daniel',13,'Por definir','Chofer Cargador a','Chofer','2025-03-18','2025-03-18','31-Oct','Pmx Comitan','M','ANGEL.SANTIAGO@CEMEX.COM','ADSANTIAGOM','Orozco Lagunas, Berenice','810909','Ope','Zw');
INSERT INTO "empleados" VALUES(94,1703983,'Lopez Gomez, Jose Abraham',13,'Por definir','Gerente de Tienda jr','Gerente de Tienda','2020-08-16','2023-02-01','14-Mar','Pmx Comitan','M','josea.lopezg@cemex.com','jsblopez','Orozco Lagunas, Berenice','810909','Adm','Ms');
INSERT INTO "empleados" VALUES(95,1703979,'Morgan Leon, Gustavo Alfredo',13,'Por definir','Asesor Comercial a','Vendedor Calle','2020-08-16','2020-08-16','4-Ene','Pmx Comitan','M','gustavo.morgan@cemex.com','gmorganl','Orozco Lagunas, Berenice','810909','Adm','Ms');
INSERT INTO "empleados" VALUES(96,1706550,'Moya Garcia, Diana Andrea',14,'Por definir','Administrador de Ventas','Adve','2020-10-16','2020-10-16','19-Dic','Pmx Irapuato','F','dianaandrea.moya@cemex.com','dnndrmoya','Ruiz Perez, Juan Fernando','811012','Adm','Ms');
INSERT INTO "empleados" VALUES(97,1724825,'Frausto Garcia, Ana Lilia',14,'Por definir','Jefe de Almacen','Almacenista','2023-02-01','2023-02-01','26-Oct','Pmx Irapuato','F','ANALILIA.FRAUSTO@CEMEX.COM','afraustog','Ruiz Perez, Juan Fernando','811012','Adm','Ms');
INSERT INTO "empleados" VALUES(98,1703148,'Castañeda Prieto, Roman',14,'Por definir','Chofer Cargador a','Chofer','2024-01-18','2024-01-18','10-Feb','Pmx Irapuato','M','','rcastanedap','Ruiz Perez, Juan Fernando','811012','Ope','Zw');
INSERT INTO "empleados" VALUES(99,1742920,'Castro Vargas, Jesus Carmen',14,'Por definir','Chofer Cargador a','Chofer','2024-07-29','2024-07-29','16-Jun','Pmx Irapuato','M','JESUSC.CASTROV@CEMEX.COM','JCCASTROV','Ruiz Perez, Juan Fernando','811012','Ope','Zw');
INSERT INTO "empleados" VALUES(100,1419865,'Avendaño Barraza, Luz Del Rayo',14,'Por definir','Gerente de Tienda sr','Gerente de Tienda','2016-11-01','2020-04-01','30-Dic','Pmx Irapuato','F','luzdelrayo.avendano@cemex.com','lavendano','Ruiz Perez, Juan Fernando','811012','Tyo','Mc');
INSERT INTO "empleados" VALUES(101,1728947,'Martinez Rosas, Jancy Alberto',15,'Por definir','Chofer Cargador a','Chofer','2023-04-13','2023-04-13','10-Mar','Pmx Ixtapa Zihuatanejo','M','jancyalberto.martinez@cemex.com','jncymartinez','Acosta Herrera, Bertha Patricia','810811','Ope','Zw');
INSERT INTO "empleados" VALUES(102,1738123,'de la o Figueroa, Jonahiro Giovanni',15,'Por definir','Chofer Cargador a','Chofer','2024-02-03','2024-02-03','30-Dic','Pmx Ixtapa Zihuatanejo','M','JONAHIRO.DELAO@CEMEX.COM','JGDELAO','Acosta Herrera, Bertha Patricia','810811','Ope','Zw');
INSERT INTO "empleados" VALUES(103,1724223,'Keymurth Alanis, Evelyn Magali',15,'Por definir','Gerente de Tienda jr','Gerente de Tienda','2022-10-01','2024-09-01','18-Feb','Pmx Ixtapa Zihuatanejo','F','evelynmagali.keymurth@cemex.com','ekeymurth','Acosta Herrera, Bertha Patricia','810811','Adm','Ms');
INSERT INTO "empleados" VALUES(104,1747583,'Serrano Garcia, Erika Lizeth',16,'Por definir','Administrador de Ventas','Adve','2025-03-07','2025-03-07','17-May','Pmx Ixtapaluca','F','ERIKA.SERRANO@CEMEX.COM','ERIKALSERRAN','Acosta Herrera, Bertha Patricia','810617','Adm','Ms');
INSERT INTO "empleados" VALUES(105,1719731,'Muñiz Garcia, Carlos Jesus',16,'Por definir','Jefe de Almacen','Almacenista','2022-04-08','2023-12-01','8-Jul','Pmx Ixtapaluca','M','carlosjesus.muniz@cemex.com','cmuniz','Acosta Herrera, Bertha Patricia','810617','Adm','Ms');
INSERT INTO "empleados" VALUES(106,1739013,'Galvan Galvan, Marcos',16,'Por definir','Chofer Cargador a','Chofer','2024-03-05','2024-03-05','13-Ene','Pmx Ixtapaluca','M','MARCOS.GALVAN@CEMEX.COM','MGALVANG','Acosta Herrera, Bertha Patricia','810617','Ope','Zw');
INSERT INTO "empleados" VALUES(107,1747585,'Hernandez Bañuelos, Pedro',16,'Por definir','Chofer Cargador a','Chofer','2025-03-03','2025-03-03','29-Jun','Pmx Ixtapaluca','M','PEDRO.HERNANDEZB@CEMEX.COM','PDHERNANDEZB','Acosta Herrera, Bertha Patricia','810617','Ope','Zw');
INSERT INTO "empleados" VALUES(108,1425788,'Flores Parra, Reina',16,'Por definir','Gerente de Tienda jr','Gerente de Tienda','2017-11-01','2017-11-01','4-Jun','Pmx Ixtapaluca','F','reina.flores@cemex.com','rflorespr','Acosta Herrera, Bertha Patricia','810617','Tyo','Mc');
INSERT INTO "empleados" VALUES(109,1724629,'Perez Mecalco, Abraham',16,'Por definir','Asesor Comercial a','Vendedor Calle','2022-10-16','2022-10-16','20-Nov','Pmx Ixtapaluca','M','abraham.perez@cemex.com','abperezm','Acosta Herrera, Bertha Patricia','810617','Adm','Ms');
INSERT INTO "empleados" VALUES(110,1719886,'Olmos Perdomo, Yeni Abigail',17,'Por definir','Administrador de Ventas','Adve','2022-04-23','2023-04-01','15-Sep','Pmx Izcalli','F','yeniabigail.olmos@cemex.com','yolmos','Acosta Herrera, Bertha Patricia','810610','Adm','Ms');
INSERT INTO "empleados" VALUES(111,1703612,'Martinez Cortes, Miguel Angel',17,'Por definir','Jefe de Almacen','Almacenista','2020-08-17','2024-01-01','24-Sep','Pmx Izcalli','M','miguelangel.martinezc@cemex.com','mglnmartinez','Acosta Herrera, Bertha Patricia','810610','Adm','Ms');
INSERT INTO "empleados" VALUES(112,1729170,'Aguilar Olivarez, Hector Carlos Jesus',17,'Por definir','Chofer Cargador a','Chofer','2023-04-24','2023-04-24','9-Jul','Pmx Izcalli','M','hectorcarlosjesus.aguilar@cemex.com','haguilaro','Acosta Herrera, Bertha Patricia','810610','Ope','Zw');
INSERT INTO "empleados" VALUES(113,1744314,'Ordaz Orozco, Jose Alfredo',17,'Por definir','Chofer Cargador a','Chofer','2024-09-14','2024-09-14','19-Mar','Pmx Izcalli','M','JOSE.ORDAZ@CEMEX.COM','JAORDAZO','Acosta Herrera, Bertha Patricia','810610','Ope','Zw');
INSERT INTO "empleados" VALUES(114,1005269,'Rivas Arguijo, Salvador',17,'Por definir','Gerente de Tienda sr','Gerente de Tienda','2018-02-01','2018-02-01','30-Ene','Pmx Izcalli','M','salvador.rivas@cemex.com','srivasr','Acosta Herrera, Bertha Patricia','810610','Tyo','Mc');
INSERT INTO "empleados" VALUES(115,1733595,'Vela Mejia, Horacio Tadeo',17,'Por definir','Asesor Comercial b','Vendedor Calle','2023-09-01','2024-03-01','12-Dic','Pmx Izcalli','M','HORACIOTADEO.VELA@CEMEX.COM','HRCTVELA','Acosta Herrera, Bertha Patricia','810610','Adm','Ms');
INSERT INTO "empleados" VALUES(116,1730932,'Torres Cabrera, Jessica Samantha',17,'Por definir','Vendedor de Mostrador Pro','Vendedor Mostrador','2023-06-16','2023-06-16','18-Abr','Pmx Izcalli','F','jessicasamantha.torres@cemex.com','jsstorresc','Acosta Herrera, Bertha Patricia','810610','Adm','Ms');
INSERT INTO "empleados" VALUES(117,1724734,'Luna Gonzalez, Naydelin Yajaira',18,'Por definir','Administrador de Ventas','Adve','2022-10-16','2022-10-16','18-Jul','Pmx Juarez','F','naydelinyajaira.luna@cemex.com','nydlnyluna','Ochoa Constantino, Ruth Anali','811006','Adm','Ms');
INSERT INTO "empleados" VALUES(118,1701059,'Briones Serna, Marco Antonio',18,'Por definir','Chofer','Chofer','2020-03-16','2020-03-16','6-Jun','Pmx Juarez','M','','MBRIONESS','Ochoa Constantino, Ruth Anali','811006','Ope','Zw');
INSERT INTO "empleados" VALUES(119,1706153,'Puente Silva, Francisco Froylan',18,'Por definir','Asesor Comercial b','Vendedor Calle','2020-10-01','2020-10-01','2-Dic','Pmx Juarez','M','franciscofroylan.puentes@cemex.com','fpuentes','Ochoa Constantino, Ruth Anali','811006','Adm','Ms');
INSERT INTO "empleados" VALUES(120,1704333,'Blas Matus, Ulises',19,'Por definir','Administrador de Ventas','Adve','2020-08-16','2020-08-16','28-Ene','Pmx Juchitan','M','ulises.blas@cemex.com','ulisesblas','Campos Cordova, Astrid Anabelle','810951','Adm','Ms');
INSERT INTO "empleados" VALUES(121,1746033,'de la Cruz Lopez, Mael',19,'Por definir','Cargador b','Cargador','2024-12-05','2024-12-05','1-Abr','Pmx Juchitan','M','MAEL.DELACRUZ@CEMEX.COM','','Campos Cordova, Astrid Anabelle','810951','Ope','Zw');
INSERT INTO "empleados" VALUES(122,1746999,'Rasgado Sanchez, Jose Carlos',19,'Por definir','Cargador b','Cargador','2025-01-30','2025-01-30','8-Dic','Pmx Juchitan','M','JOSE.RASGADO@CEMEX.COM','','Campos Cordova, Astrid Anabelle','810951','Ope','Zw');
INSERT INTO "empleados" VALUES(123,1704332,'Hernandez Carmona, Juan Carlos',19,'Por definir','Chofer Cargador a','Chofer','2020-08-17','2020-08-17','1-Ago','Pmx Juchitan','M','','jnchernandzc','Campos Cordova, Astrid Anabelle','810951','Ope','Zw');
INSERT INTO "empleados" VALUES(124,1747150,'Santiago Cabrera, Hector Vicente',19,'Por definir','Chofer Cargador a','Chofer','2025-02-05','2025-02-05','5-Abr','Pmx Juchitan','M','HECTOR.SANTIAGO@CEMEX.COM','HVSANTIAGO','Campos Cordova, Astrid Anabelle','810951','Ope','Zw');
INSERT INTO "empleados" VALUES(125,1704335,'Sanchez Gonzalez, Eric',19,'Por definir','Jefe de Tienda sr','Jefe de Tienda','2020-08-16','2020-08-16','28-Abr','Pmx Juchitan','M','eric.sanchezgonzalez@cemex.com','ersanchezg','Campos Cordova, Astrid Anabelle','810951','Adm','Ms');
INSERT INTO "empleados" VALUES(126,1722272,'Valadez Ramirez, Maria Del Rosario',20,'Por definir','Administrador de Ventas','Adve','2022-07-23','2022-07-23','24-Ago','Pmx Leon','F','mariadelrosario.valadez@cemex.com','mvaladezr','Ruiz Perez, Juan Fernando','810705','Adm','Ms');
INSERT INTO "empleados" VALUES(127,1703145,'Robledo Fernandez, Karla Berenice',20,'Por definir','Jefe de Almacen','Almacenista','2020-08-16','2022-05-01','23-Jun','Pmx Leon','F','karla.robledo@cemex.com','krobledo','Ruiz Perez, Juan Fernando','810705','Adm','Ms');
INSERT INTO "empleados" VALUES(128,1742040,'Rodriguez Macias, Humberto',20,'Por definir','Chofer Cargador a','Chofer','2024-06-28','2024-06-28','18-Feb','Pmx Leon','M','HUMBERTO.RODRIGUEZ@CEMEX.COM','HMRODRIGUEZM','Ruiz Perez, Juan Fernando','810705','Ope','Zw');
INSERT INTO "empleados" VALUES(129,1744065,'Vallejo Sanchez, Cesar Horacio',20,'Por definir','Chofer Cargador a','Chofer','2024-09-09','2024-09-09','23-Oct','Pmx Leon','M','CESAR.VALLEJO@CEMEX.COM','CHVALLEJOS','Ruiz Perez, Juan Fernando','810705','Ope','Zw');
INSERT INTO "empleados" VALUES(130,1701091,'Hernandez Centeno, Moises Humberto',20,'Por definir','Asesor Comercial b','Vendedor Calle','2020-03-16','2020-03-16','14-Abr','Pmx Leon','M','moiseshumberto.hernandez@cemex.com','mshernandezc','Ruiz Perez, Juan Fernando','810705','Adm','Ms');
INSERT INTO "empleados" VALUES(131,1743240,'Tovar Garcia, Pablo',20,'Por definir','Vendedor de Mostrador','Vendedor Mostrador','2024-08-16','2024-08-16','13-Oct','Pmx Leon','M','PABLO.TOVAR@CEMEX.COM','PTOVARG','Ruiz Perez, Juan Fernando','810705','Adm','Ms');
INSERT INTO "empleados" VALUES(132,1733051,'Sarabia Gomez, Jesus Roberto',21,'Por definir','Administrador de Ventas','Adve','2024-07-01','2024-09-01','5-Mar','Pmx Mazatlan','M','jesusroberto.sarabia@cemex.com','jsarabiag','Moreno Vitales, Manuel Alejandro','811002','Adm','Ms');
INSERT INTO "empleados" VALUES(133,1720929,'Osuna Gonzalez, Felix Otniel',21,'Por definir','Chofer Cargador a','Chofer','2022-05-16','2022-09-12','8-Abr','Pmx Mazatlan','M','felixotniel.osuna@cemex.com','fosuna','Moreno Vitales, Manuel Alejandro','811002','Ope','Zw');
INSERT INTO "empleados" VALUES(134,1740222,'Pedro Ramirez, Agustin',21,'Por definir','Chofer Cargador a','Chofer','2024-04-22','2024-04-22','27-Mar','Pmx Mazatlan','M','AGUSTIN.PEDRO@CEMEX.COM','APEDROR','Moreno Vitales, Manuel Alejandro','811002','Ope','Zw');
INSERT INTO "empleados" VALUES(135,1744566,'Ortiz Quijas, Luis Lorenzo',21,'Por definir','Chofer Cargador a','Chofer','2024-10-02','2024-10-02','24-Ago','Pmx Mazatlan','M','LUISL.ORTIZQ@CEMEX.COM','LLORTIZ','Moreno Vitales, Manuel Alejandro','811002','Ope','Zw');
INSERT INTO "empleados" VALUES(136,1711477,'Inda Navarro, Jose Enrique',21,'Por definir','Jefe de Tienda sr','Jefe de Tienda','2021-06-16','2025-04-01','10-Sep','Pmx Mazatlan','M','joseenrique.inda@cemex.com','jsnrqinda','Moreno Vitales, Manuel Alejandro','811002','Adm','Ms');
INSERT INTO "empleados" VALUES(137,1745907,'Lopez Reyes, Osvaldo',21,'Por definir','Asesor Comercial b','Vendedor Calle','2024-12-16','2024-12-16','22-Jun','Pmx Mazatlan','M','OSVALDO.LOPEZ@CEMEX.COM','OSLOPEZR','Moreno Vitales, Manuel Alejandro','811002','Adm','Ms');
INSERT INTO "empleados" VALUES(138,1727217,'Yam Mena, Karla Yesenia',22,'Por definir','Administrador de Ventas','Adve','2023-02-01','2023-02-01','18-Ago','Pmx Merida','F','karlayesenia.yam@cemex.com','karlayeseyam','Sanchez Carrillo, Maria Gabriela','810502','Adm','Ms');
INSERT INTO "empleados" VALUES(139,192214,'Rodriguez Ordaz, Claudia Yulissa',22,'Por definir','Administrador de Ventas','Adve','2013-01-01','2013-01-01','6-Ene','Pmx Merida','F','claudiayulissa.rodriguez@cemex.com','cyrodriguez','Sanchez Carrillo, Maria Gabriela','810502','Adm','Mv');
INSERT INTO "empleados" VALUES(140,1701237,'Garcia Uicab, Marco Antonio',22,'Por definir','Jefe de Almacen','Almacenista','2020-03-16','2020-03-16','3-Nov','Pmx Merida','M','marcoantonio.garciau@cemex.com','mrgarciau','Sanchez Carrillo, Maria Gabriela','810502','Adm','Ms');
INSERT INTO "empleados" VALUES(141,1740137,'Ayil Canche, Edgar Agustin',22,'Por definir','Auxiliar de Almacen Promexma','Almacenista','2024-04-22','2024-04-22','17-Ago','Pmx Merida','M','EDGAR.AYIL@CEMEX.COM','EAAYIL','Sanchez Carrillo, Maria Gabriela','810502','Ope','Zw');
INSERT INTO "empleados" VALUES(142,1704005,'Cancab Euan, Jose Bonifacio',22,'Por definir','Cargador a','Cargador','2020-08-17','2023-09-11','18-Ene','Pmx Merida','M','josebonifacio.cancab@cemex.com','jcancab','Sanchez Carrillo, Maria Gabriela','810502','Ope','Zw');
INSERT INTO "empleados" VALUES(143,1717335,'Concha Dzib, Cesar Geovanny',22,'Por definir','Cargador a','Cargador','2021-12-22','2023-09-11','30-Mar','Pmx Merida','M','cesargeovanny.concha@cemex.com','cconcha','Sanchez Carrillo, Maria Gabriela','810502','Ope','Zw');
INSERT INTO "empleados" VALUES(144,1726369,'Vazquez Varguez, Jose Manuel',22,'Por definir','Cargador a','Cargador','2022-12-19','2023-01-30','21-Dic','Pmx Merida','M','josemanuel.vazquez@cemex.com','jsmvazquez','Sanchez Carrillo, Maria Gabriela','810502','Ope','Zw');
INSERT INTO "empleados" VALUES(145,1726660,'Gongora Amaro, Christian Alexis',22,'Por definir','Cargador a','Cargador','2023-01-11','2023-01-30','1-Ago','Pmx Merida','M','christianalexis.gongora@cemex.com','cgongoraa','Sanchez Carrillo, Maria Gabriela','810502','Ope','Zw');
INSERT INTO "empleados" VALUES(146,1730469,'Baas Garcia, Elias Alejandro',22,'Por definir','Cargador a','Cargador','2023-05-29','2023-05-29','9-May','Pmx Merida','M','eliasalejandro.baas@cemex.com','elsljbaas','Sanchez Carrillo, Maria Gabriela','810502','Ope','Zw');
INSERT INTO "empleados" VALUES(147,1746556,'Lopez Uribe, Angel de Jesus',22,'Por definir','Cargador a','Cargador','2025-01-06','2025-01-06','5-Dic','Pmx Merida','M','ANGELD.LOPEZU@CEMEX.COM','ADLOPEZU','Sanchez Carrillo, Maria Gabriela','810502','Ope','Zw');
INSERT INTO "empleados" VALUES(148,1748279,'Soberanis Cervera, Adolfo de Jesus',22,'Por definir','Cargador a','Cargador','2025-03-31','2025-03-31','15-Sep','Pmx Merida','M','ADOLFO.SOBERANIS@CEMEX.COM','ADSOBERANIS','Sanchez Carrillo, Maria Gabriela','810502','Ope','Zw');
INSERT INTO "empleados" VALUES(149,1748035,'Matu Matu, Juan Manuel',22,'Por definir','Chofer Cargador a','Chofer','2025-03-17','2025-03-17','1-Sep','Pmx Merida','M','JUANM.MATUM@CEMEX.COM','JMMATU','Sanchez Carrillo, Maria Gabriela','810502','Ope','Zw');
INSERT INTO "empleados" VALUES(150,1748638,'Jimenez Lopez, Ramiro',22,'Por definir','Chofer Cargador a','Chofer','2025-04-23','2025-04-23','15-Dic','Pmx Merida','M','RAMIRO.JIMENEZL@CEMEX.COM','RMJIMENEZL','Sanchez Carrillo, Maria Gabriela','810502','Ope','Zw');
INSERT INTO "empleados" VALUES(151,192219,'Dzul Coob, Santos Marcos',22,'Por definir','Chofer Cargador a','Chofer','2013-01-01','2023-09-11','7-Oct','Pmx Merida','M','SANTOSMARCOS.DZUL@CEMEX.COM','smdzul','Sanchez Carrillo, Maria Gabriela','810502','Ope','Zw');
INSERT INTO "empleados" VALUES(152,196424,'Baas Caamal, Esteban',22,'Por definir','Chofer Cargador a','Chofer','2013-01-01','2023-09-11','13-Feb','Pmx Merida','M','esteban.baas@cemex.com','ebaasc','Sanchez Carrillo, Maria Gabriela','810502','Ope','Zw');
INSERT INTO "empleados" VALUES(153,1431673,'Villalobos Azcorra, Alejandro Javier',22,'Por definir','Gerente de Tienda sr','Gerente de Tienda','2018-10-01','2020-11-01','15-Ago','Pmx Merida','M','alejandrojavier.villalobos@cemex.com','avillalobosa','Sanchez Carrillo, Maria Gabriela','810502','Tyo','Mc');
INSERT INTO "empleados" VALUES(154,1704004,'Martinez Jimenez, Victor Manuel',22,'Por definir','Montacarguista','Montacarguista','2020-08-31','2023-10-09','8-Nov','Pmx Merida','M','VICTORMANUEL.MARTINEZJ@CEMEX.COM','VMARTINEZJ','Sanchez Carrillo, Maria Gabriela','810502','Ope','Zw');
INSERT INTO "empleados" VALUES(155,167193,'Riera Sauri, Cristopher',22,'Por definir','Asesor Comercial a','Vendedor Calle','2013-01-01','2013-01-01','20-Feb','Pmx Merida','M','cristopher.riera@cemex.com','crieras','Sanchez Carrillo, Maria Gabriela','810502','Adm','Mv');
INSERT INTO "empleados" VALUES(156,1704002,'Aguilar Huchim, Dulce Marilu',22,'Por definir','Asesor Comercial a','Vendedor Calle','2020-08-16','2020-08-16','18-Abr','Pmx Merida','F','dulcemarilu.aguilarhuchim@cemex.com','dlaguilar','Sanchez Carrillo, Maria Gabriela','810502','Adm','Ms');
INSERT INTO "empleados" VALUES(157,1742878,'Ramon Azcorra, Raul Alejandro',22,'Por definir','Asesor Comercial a','Vendedor Calle','2024-08-07','2024-08-07','1-Dic','Pmx Merida','M','RAUL.RAMON@CEMEX.COM','RARAMON','Sanchez Carrillo, Maria Gabriela','810502','Adm','Ms');
INSERT INTO "empleados" VALUES(158,1729759,'Chuc Flores, Martha Maria de Guadalupe',23,'Por definir','Administrador de Ventas','Adve','2023-05-16','2023-05-16','9-Mar','Pmx Merida ii','F','marthamariadeguadalupe.chuc@cemex.com','mrthmrchuc','Sanchez Carrillo, Maria Gabriela','810510','Adm','Ms');
INSERT INTO "empleados" VALUES(159,167194,'Ortiz Bacab, Sergio Ivan',23,'Por definir','Jefe de Almacen','Almacenista','2013-01-01','2013-01-01','9-Oct','Pmx Merida ii','M','sergio.ortiz@cemex.com','sortizb','Sanchez Carrillo, Maria Gabriela','810510','Adm','Mv');
INSERT INTO "empleados" VALUES(160,1728408,'Bojorquez Santos, Pablo Humberto',23,'Por definir','Cargador a Promexma','Cargador','2023-03-20','2023-03-20','4-Dic','Pmx Merida ii','M','pablohumberto.bojorquez@cemex.com','pbojorquez','Sanchez Carrillo, Maria Gabriela','810510','Ope','Zw');
INSERT INTO "empleados" VALUES(161,1743321,'Cua Can, Jesus Samuel',23,'Por definir','Cargador a Promexma','Cargador','2024-08-07','2024-08-07','25-Nov','Pmx Merida ii','M','JESUS.CUA@CEMEX.COM','JSCUA','Sanchez Carrillo, Maria Gabriela','810510','Ope','Zw');
INSERT INTO "empleados" VALUES(162,1744912,'Maas May, Jorge Antonio',23,'Por definir','Cargador a Promexma','Cargador','2024-10-11','2024-10-11','23-Abr','Pmx Merida ii','M','JORGEA.MAASM@CEMEX.COM','JAMAAS','Sanchez Carrillo, Maria Gabriela','810510','Ope','Zw');
INSERT INTO "empleados" VALUES(163,1746368,'Garcia Pacheco, Hector Enrique',23,'Por definir','Cargador a Promexma','Cargador','2024-12-23','2024-12-23','31-May','Pmx Merida ii','M','HECTORE.GARCIAP@CEMEX.COM','HEGARCIAP','Sanchez Carrillo, Maria Gabriela','810510','Ope','Zw');
INSERT INTO "empleados" VALUES(164,1703415,'Dzul Martin, Faustino',23,'Por definir','Chofer Cargador a','Chofer','2020-08-17','2023-09-11','12-Ago','Pmx Merida ii','M','faustino.dzul@cemex.com','faustinodzul','Sanchez Carrillo, Maria Gabriela','810510','Ope','Zw');
INSERT INTO "empleados" VALUES(165,1703418,'Martin Dzul, Oscar',23,'Por definir','Chofer Cargador a','Chofer','2020-08-17','2023-09-11','8-Ago','Pmx Merida ii','M','oscar.martin@cemex.com','omartin','Sanchez Carrillo, Maria Gabriela','810510','Ope','Zw');
INSERT INTO "empleados" VALUES(166,1703419,'Tzuc Pech, Angel Gabriel',23,'Por definir','Chofer Cargador a','Chofer','2020-08-17','2023-09-11','10-Jul','Pmx Merida ii','M','angelgabriel.tzuc@cemex.com','anglgbrtzuc','Sanchez Carrillo, Maria Gabriela','810510','Ope','Zw');
INSERT INTO "empleados" VALUES(167,1420611,'Diaz Soberanis, Carlos',23,'Por definir','Gerente de Tienda sr','Gerente de Tienda','2017-01-01','2017-04-01','22-Nov','Pmx Merida ii','M','carlos.diazsoberanis@cemex.com','carlosdiaz','Sanchez Carrillo, Maria Gabriela','810510','Tyo','Mc');
INSERT INTO "empleados" VALUES(168,1009258,'Cervera Osorio, Jesus Roberto',23,'Por definir','Asesor Comercial a','Vendedor Calle','2024-06-16','2024-06-16','17-Ene','Pmx Merida ii','M','JESUSROBERTO.CERVERA@CEMEX.COM','JCERVERAS','Sanchez Carrillo, Maria Gabriela','810510','Adm','Ms');
INSERT INTO "empleados" VALUES(169,1703412,'Aleman Cardenas, Jorge',23,'Por definir','Asesor Comercial a','Vendedor Calle','2020-08-16','2023-03-01','3-Ene','Pmx Merida ii','M','jorge.aleman@cemex.com','jraleman','Sanchez Carrillo, Maria Gabriela','810510','Adm','Ms');
INSERT INTO "empleados" VALUES(170,1721088,'Uitz eb, Jarely Patricia',23,'Por definir','Vendedor de Mostrador','Vendedor Mostrador','2022-06-01','2022-06-01','19-Ene','Pmx Merida ii','F','jarelypatricia.uitz@cemex.com','jrlyptuitz','Sanchez Carrillo, Maria Gabriela','810510','Adm','Ms');
INSERT INTO "empleados" VALUES(171,1743563,'Lagunas Beltran, Omar Jose',24,'Por definir','Administrador de Ventas','Adve','2024-09-01','2024-09-01','10-Jul','Pmx Mexicali','M','OMAR.LAGUNAS@CEMEX.COM','OJLAGUNAS','Santos Alonzo, Diana Lorely','811106','Adm','Ms');
INSERT INTO "empleados" VALUES(172,1726868,'Barajas Gonzalez, Irving Aldair',24,'Por definir','Jefe de Almacen','Almacenista','2023-02-01','2023-02-01','9-Jun','Pmx Americas','M','irvingaldair.barajas@cemex.com','ibarajas','Santos Alonzo, Diana Lorely','811106','Adm','Ms');
INSERT INTO "empleados" VALUES(173,1715226,'Mercado Cruz, Otoñel',24,'Por definir','Chofer Cargador a','Chofer','2021-09-14','2022-07-18','13-Dic','Pmx Mexicali','M','','omercadoc','Santos Alonzo, Diana Lorely','811106','Ope','Zw');
INSERT INTO "empleados" VALUES(174,1734505,'Lopez Espinoza, Jesus Olegario',24,'Por definir','Chofer Cargador a','Chofer','2023-09-18','2023-09-18','6-Mar','Pmx Mexicali','M','JESUSOLEGARIO.LOPEZ@CEMEX.COM','JSLOPEZE','Santos Alonzo, Diana Lorely','811106','Ope','Zw');
INSERT INTO "empleados" VALUES(175,1734528,'Ontiveros Partida, Jesus',24,'Por definir','Chofer Cargador a','Chofer','2023-09-18','2023-09-18','10-Dic','Pmx Mexicali','M','JESUS.ONTIVEROS@CEMEX.COM','JSONTIVEROSP','Santos Alonzo, Diana Lorely','811106','Ope','Zw');
INSERT INTO "empleados" VALUES(176,1711320,'Rios Peraza, Gerardo',24,'Por definir','Gerente de Tienda sr','Gerente de Tienda','2021-06-16','2025-04-01','22-Dic','Pmx Americas','M','gerardo.riosp@cemex.com','gerardorios','Santos Alonzo, Diana Lorely','811106','Adm','Ms');
INSERT INTO "empleados" VALUES(177,1717470,'Martinez Valenzuela, Ruben',24,'Por definir','Asesor Comercial b','Vendedor Calle','2022-01-01','2023-02-01','2-Sep','Pmx Mexicali','M','ruben.martinezv@cemex.com','rbmartinezv','Santos Alonzo, Diana Lorely','811106','Adm','Ms');
INSERT INTO "empleados" VALUES(178,1704341,'Bello Bustamante, Tabita',25,'Por definir','Administrador de Ventas','Adve','2020-08-16','2020-08-16','6-Mar','Pmx Miahuatlan 2','F','tabita.bello@cemex.com','tbellob','Campos Cordova, Astrid Anabelle','810965','Adm','Ms');
INSERT INTO "empleados" VALUES(179,1704342,'Garcia Garcia, Hector Manuel',25,'Por definir','Cargador b','Cargador','2020-08-17','2020-08-17','11-Ago','Pmx Miahuatlan 2','M','','HCGARCIAG','Campos Cordova, Astrid Anabelle','810965','Ope','Zw');
INSERT INTO "empleados" VALUES(180,1747044,'Hernandez Jimenez, Ruben',25,'Por definir','Chofer Cargador b','Chofer','2025-02-01','2025-02-01','8-Ago','Pmx Miahuatlan 2','M','RUBEN.HERNANDEZJ@CEMEX.COM','RBHERNANDEZJ','Campos Cordova, Astrid Anabelle','810965','Ope','Zw');
INSERT INTO "empleados" VALUES(181,1704344,'Garcia Mijangos, Carlos Alberto',25,'Por definir','Jefe de Tienda jr','Jefe de Tienda','2020-08-16','2020-08-16','2-Ene','Pmx Miahuatlan 2','M','carlosalberto.garciam@cemex.com','crlgarciam','Campos Cordova, Astrid Anabelle','810965','Adm','Ms');
INSERT INTO "empleados" VALUES(182,1704340,'Pinacho Lorenzo, Juan Galdino',25,'Por definir','Asesor Comercial a','Vendedor Calle','2020-08-16','2020-08-16','12-Jul','Pmx Miahuatlan 2','M','juan.pinacho@cemex.com','jpinacho','Campos Cordova, Astrid Anabelle','810965','Adm','Ms');
INSERT INTO "empleados" VALUES(183,1708368,'Suarez Aguilar, Jardiel Socrates',26,'Por definir','Administrador de Ventas','Adve','2021-02-16','2021-02-16','9-Mar','Pmx Milpa Alta','M','jardielsocrates.suarez@cemex.com','jsuareza','Acosta Herrera, Bertha Patricia','810621','Adm','Ms');
INSERT INTO "empleados" VALUES(184,1703608,'Argumedo Avila, Yordin',26,'Por definir','Chofer Cargador a','Chofer','2020-08-17','2021-12-06','30-May','Pmx Milpa Alta','M','','yargumedo','Acosta Herrera, Bertha Patricia','810621','Ope','Zw');
INSERT INTO "empleados" VALUES(185,1738663,'Camarillo Ramirez, Daniel',26,'Por definir','Chofer Cargador a','Chofer','2024-02-27','2024-02-27','19-Nov','Pmx Milpa Alta','M','DANIEL.CAMARILLO@CEMEX.COM','DCAMARILLOR','Acosta Herrera, Bertha Patricia','810621','Ope','Zw');
INSERT INTO "empleados" VALUES(186,1703607,'Anaya Andrade, Isaac Natanael',26,'Por definir','Jefe de Tienda sr','Jefe de Tienda','2020-08-16','2020-08-16','25-Mar','Pmx Milpa Alta','M','isaacnatanael.anaya@cemex.com','ianaya','Acosta Herrera, Bertha Patricia','810621','Adm','Ms');
INSERT INTO "empleados" VALUES(187,198780,'Hernandez Reyes, Lorena Francisca',27,'Por definir','Administrador de Ventas','Adve','2013-01-01','2013-01-01','6-Nov','Pmx Oaxaca','F','lorena.hernandez@cemex.com','lfhernandez','Campos Cordova, Astrid Anabelle','810956','Adm','Mv');
INSERT INTO "empleados" VALUES(188,1711213,'Victoria Reyes, Edgar',27,'Por definir','Jefe de Almacen','Almacenista','2021-06-16','2021-06-16','22-Abr','Pmx Oaxaca','M','edgar.victoria@cemex.com','evictoriar','Campos Cordova, Astrid Anabelle','810956','Adm','Ms');
INSERT INTO "empleados" VALUES(189,1726984,'Vasquez Ignacio, Diego',27,'Por definir','Cargador b Promexma','Cargador','2023-01-23','2023-02-13','16-Nov','Pmx Oaxaca','M','diego.vasquez@cemex.com','dvasquezi','Campos Cordova, Astrid Anabelle','810956','Ope','Zw');
INSERT INTO "empleados" VALUES(190,198919,'Juarez Reyes, Oton Felimon',27,'Por definir','Cargador','Cargador','2013-01-01','2022-08-01','16-Feb','Pmx Oaxaca','M','','ofjuarez','Campos Cordova, Astrid Anabelle','810956','Ope','Zw');
INSERT INTO "empleados" VALUES(191,158543,'Sanchez Cortes, Roberto',27,'Por definir','Chofer Cargador','Chofer','2013-01-01','2022-08-01','8-Jun','Pmx Oaxaca','M','ROBERTO.SANCHEZCO@CEMEX.COM','rsanchezcrt','Campos Cordova, Astrid Anabelle','810956','Ope','Zw');
INSERT INTO "empleados" VALUES(192,1748500,'Rivera Cruz, Ruben',27,'Por definir','Chofer Cargador','Chofer','2025-04-16','2025-04-16','19-Jun','Pmx Oaxaca','M','RUBEN.RIVERACR@CEMEX.COM','RBNRIVERA','Campos Cordova, Astrid Anabelle','810956','Ope','Zw');
INSERT INTO "empleados" VALUES(193,1005230,'Jarquin Rodriguez, Rocio',27,'Por definir','Gerente de Tienda','Gerente de Tienda','2015-08-16','2015-08-16','10-May','Pmx Oaxaca','F','rocio.jarquin@cemex.com','rjarquinr','Campos Cordova, Astrid Anabelle','810956','Tyo','Mc');
INSERT INTO "empleados" VALUES(194,1703650,'Castellanos Corona, Veronica Idalia',27,'Por definir','Asesor Comercial a','Vendedor Calle','2020-08-16','2020-08-16','3-Feb','Pmx Oaxaca','F','veronicaidalia.castellanoscorona@cemex.com','vcastellanc','Campos Cordova, Astrid Anabelle','810956','Adm','Ms');
INSERT INTO "empleados" VALUES(195,1703868,'Santiz Gomez, Gloria Himelda',28,'Por definir','Administrador de Ventas','Adve','2020-08-16','2020-08-16','10-Nov','Pmx Ocosingo','F','gloria.santiz@cemex.com','gsantiz','Orozco Lagunas, Berenice','810963','Adm','Ms');
INSERT INTO "empleados" VALUES(196,1703867,'Cayetano Gonzalez, Alma Nayeli',28,'Por definir','Jefe de Almacen','Almacenista','2020-08-16','2020-08-16','29-May','Pmx Ocosingo','F','almanayeli.cayetanogonzalez@cemex.com','acayetanog','Orozco Lagunas, Berenice','810963','Adm','Ms');
INSERT INTO "empleados" VALUES(197,1721061,'Juarez Toledo, Julio',28,'Por definir','Cargador b','Cargador','2022-05-23','2022-05-23','25-Jul','Pmx Ocosingo','M','JULIO.JUAREZ@CEMEX.COM','JLJUAREZT','Orozco Lagunas, Berenice','810963','Ope','Zw');
INSERT INTO "empleados" VALUES(198,1743379,'Juarez Toledo, Abelardo',28,'Por definir','Cargador b','Cargador','2024-08-12','2024-08-12','25-Abr','Pmx Ocosingo','M','ABELARDO.JUAREZ@CEMEX.COM','ABJUAREZT','Orozco Lagunas, Berenice','810963','Ope','Zw');
INSERT INTO "empleados" VALUES(199,1703870,'Juarez Toledo, Pedro',28,'Por definir','Chofer Cargador b','Chofer','2020-08-17','2020-12-07','2-Nov','Pmx Ocosingo','M','pedro.juarez@cemex.com','pjuarezt','Orozco Lagunas, Berenice','810963','Ope','Zw');
INSERT INTO "empleados" VALUES(200,1704276,'Gomez Caballero, Fabian de Jesus',28,'Por definir','Chofer Cargador b','Chofer','2020-08-17','2020-08-17','7-Abr','Pmx Ocosingo','M','fabiandejesus.gomez@cemex.com','fbgomezc','Orozco Lagunas, Berenice','810963','Ope','Zw');
INSERT INTO "empleados" VALUES(201,1718654,'Garcia Lopez, Jose Mercedes',28,'Por definir','Chofer Cargador b','Chofer','2022-02-28','2024-08-12','4-Dic','Pmx Ocosingo','M','JOSEMERCEDES.GARCIA@CEMEX.COM','jsmrgarcia','Orozco Lagunas, Berenice','810963','Ope','Zw');
INSERT INTO "empleados" VALUES(202,1702420,'Niño de la Torre, Orsue',28,'Por definir','Gerente de Tienda','Gerente de Tienda','2020-05-01','2020-06-01','19-Sep','Pmx Ocosingo','M','orsue.ninod@cemex.com','orsuenino','Orozco Lagunas, Berenice','810963','Tyo','Mc');
INSERT INTO "empleados" VALUES(203,1703869,'Rodriguez Aguilar, Jesus Adolfo',28,'Por definir','Asesor Comercial a','Vendedor Calle','2020-08-16','2020-08-16','17-Dic','Pmx Ocosingo','M','adolfo.rodriguez@cemex.com','jssrodrigza','Orozco Lagunas, Berenice','810963','Adm','Ms');
INSERT INTO "empleados" VALUES(204,1736434,'Garcia Encarnacion, Brenda',29,'Por definir','Administrador de Ventas','Adve','2023-12-01','2023-12-01','11-Abr','Pmx Ometepec','F','BRENDA.GARCIA@CEMEX.COM','BGARCIAE','Soto Rojas, Yaricsi Veronica','810821','Adm','Ms');
INSERT INTO "empleados" VALUES(205,1715228,'Valentin Salinas, Jesus',29,'Por definir','Cargador a','Cargador','2023-09-12','2023-09-12','15-Oct','Pmx Ometepec','M','','JVALENTINS','Soto Rojas, Yaricsi Veronica','810821','Ope','Zw');
INSERT INTO "empleados" VALUES(206,1745764,'Quiterio Perez, Marco Antonio',29,'Por definir','Cargador a','Cargador','2024-11-19','2024-11-19','6-May','Pmx Ometepec','M','MARCO.QUITERIO@CEMEX.COM','MAQUITERIO','Soto Rojas, Yaricsi Veronica','810821','Ope','Zw');
INSERT INTO "empleados" VALUES(207,1706081,'Bustos Vargas, Joel Esteban',29,'Por definir','Chofer Cargador a','Chofer','2020-10-01','2021-04-12','6-Ago','Pmx Ometepec','M','','jbustosv','Soto Rojas, Yaricsi Veronica','810821','Ope','Zw');
INSERT INTO "empleados" VALUES(208,1747970,'Añorve Silverio, Daniel',29,'Por definir','Chofer Cargador a','Chofer','2025-03-18','2025-03-18','26-Jun','Pmx Ometepec','M','DANIEL.ANORVE@CEMEX.COM','DANORVES','Soto Rojas, Yaricsi Veronica','810821','Ope','Zw');
INSERT INTO "empleados" VALUES(209,1704125,'Hilario Garcia, Jeronimo',29,'Por definir','Gerente de Tienda jr','Gerente de Tienda','2020-08-16','2023-11-01','5-Feb','Pmx Ometepec','M','jeronimo.hilario@cemex.com','jhilariog','Soto Rojas, Yaricsi Veronica','810821','Adm','Ms');
INSERT INTO "empleados" VALUES(210,1738635,'Melo Vielma, Josue',29,'Por definir','Asesor Comercial a','Vendedor Calle','2024-03-01','2024-03-01','16-Jun','Pmx Ometepec','M','JOSUE.MELO@CEMEX.COM','JMELOV','Soto Rojas, Yaricsi Veronica','810821','Adm','Ms');
INSERT INTO "empleados" VALUES(211,1737056,'Castro Ochoa, Jorge Elias',30,'Por definir','Administrador de Ventas','Adve','2024-01-01','2024-01-01','28-Mar','Pmx Orizaba','M','JORGE.CASTRO@CEMEX.COM','JECASTROO','Ochoa Barragan, Valeria Jackeline','810553','Adm','Ms');
INSERT INTO "empleados" VALUES(212,156256,'Ortiz Santiago, Mario',30,'Por definir','Cargador','Cargador','2013-01-01','2022-08-01','11-Ago','Pmx Orizaba','M','mario.ortiz@cemex.com','mortizs','Ochoa Barragan, Valeria Jackeline','810553','Ope','Zw');
INSERT INTO "empleados" VALUES(213,1701244,'Hernandez Paez, Ricardo',30,'Por definir','Cargador','Cargador','2020-03-16','2020-03-16','2-Oct','Pmx Orizaba','M','','rchernandezp','Ochoa Barragan, Valeria Jackeline','810553','Ope','Zw');
INSERT INTO "empleados" VALUES(214,1701224,'Hipolito Jimenez, Joaquin Armando',30,'Por definir','Chofer Cargador a','Chofer','2020-03-16','2022-12-05','16-Ago','Pmx Orizaba','M','','jhipolitoj','Ochoa Barragan, Valeria Jackeline','810553','Ope','Zw');
INSERT INTO "empleados" VALUES(215,1717826,'Bravo Ramos, Luis David',30,'Por definir','Chofer Cargador a','Chofer','2022-01-25','2022-04-25','26-Nov','Pmx Orizaba','M','','lbravor','Ochoa Barragan, Valeria Jackeline','810553','Ope','Zw');
INSERT INTO "empleados" VALUES(216,1703379,'Meraz Anahuati, Yusef',30,'Por definir','Jefe de Tienda sr','Jefe de Tienda','2020-08-16','2020-08-16','5-Ago','Pmx Orizaba','M','yusef.meraz@cemex.com','ymeraz','Ochoa Barragan, Valeria Jackeline','810553','Adm','Ms');
INSERT INTO "empleados" VALUES(217,1746855,'Cid Rodriguez, Carlos',30,'Por definir','Asesor Comercial a','Vendedor Calle','2025-02-01','2025-02-01','19-Oct','Pmx Orizaba','M','CARLOS.CID@CEMEX.COM','CRLCID','Ochoa Barragan, Valeria Jackeline','810553','Adm','Ms');
INSERT INTO "empleados" VALUES(218,1736645,'Palma Catarino, Raquel',31,'Por definir','Administrador de Ventas','Adve','2023-12-16','2023-12-16','15-Nov','Pmx Pachuca','F','RAQUEL.PALMA@CEMEX.COM','RPALMAC','Peña Marcos, Luisa Fabiana','810613','Adm','Ms');
INSERT INTO "empleados" VALUES(219,1746996,'Rosas Morales, Jesus Francisco',31,'Por definir','Cargador a','Cargador','2025-01-30','2025-01-30','4-Oct','Pmx Pachuca','M','JESUS.ROSAS@CEMEX.COM','JFROSASM','Peña Marcos, Luisa Fabiana','810613','Ope','Zw');
INSERT INTO "empleados" VALUES(220,1716472,'Pasten Reyes, Orlando Emanuel',31,'Por definir','Chofer Cargador a','Chofer','2021-11-08','2024-05-06','16-Jun','Pmx Pachuca','M','','opasten','Peña Marcos, Luisa Fabiana','810613','Ope','Zw');
INSERT INTO "empleados" VALUES(221,1745482,'Garcia Garay, Miguel Angel',31,'Por definir','Chofer Cargador a','Chofer','2024-11-07','2024-12-30','11-Ago','Pmx Pachuca','M','','','Peña Marcos, Luisa Fabiana','810613','Ope','Zw');
INSERT INTO "empleados" VALUES(222,1704124,'Mateos Cuautle, Luis Antonio',31,'Por definir','Jefe de Tienda sr','Jefe de Tienda','2020-08-16','2024-02-01','16-Feb','Pmx Pachuca','M','luisa.mateosc@cemex.com','lmateos','Peña Marcos, Luisa Fabiana','810613','Adm','Ms');
INSERT INTO "empleados" VALUES(223,1703511,'Acosta Salvador, Angel',32,'Por definir','Administrador de Ventas','Adve','2020-08-16','2024-05-01','28-Nov','Pmx Palenque','M','angel.acosta@cemex.com','anacosta','Vazquez Quintero, Christian','810905','Adm','Ms');
INSERT INTO "empleados" VALUES(224,162077,'Espinosa Cruz, Eulises',32,'Por definir','Chofer Cargador b','Chofer','2020-08-17','2020-08-17','4-Feb','Pmx Palenque','M','EULISES.ESPINOSA@CEMEX.COM','EESPINOSAC','Vazquez Quintero, Christian','810905','Ope','Zw');
INSERT INTO "empleados" VALUES(225,1705386,'Arcos Mendez, Felipe',32,'Por definir','Chofer Cargador b','Chofer','2020-08-31','2020-08-31','14-May','Pmx Palenque','M','FELIPE.ARCOS@CEMEX.COM','farcos','Vazquez Quintero, Christian','810905','Ope','Zw');
INSERT INTO "empleados" VALUES(226,1733638,'Muñoz Davila, Sergio',32,'Por definir','Chofer Cargador b','Chofer','2023-08-21','2023-08-21','25-Ago','Pmx Palenque','M','sergio.munoz@cemex.com','srmunozd','Vazquez Quintero, Christian','810905','Ope','Zw');
INSERT INTO "empleados" VALUES(227,1422303,'Godinez Liy, Victor Irving',32,'Por definir','Gerente de Tienda sr','Gerente de Tienda','2017-05-01','2018-03-01','31-Ago','Pmx Palenque','M','victorirving.godinez@cemex.com','vgodinez','Vazquez Quintero, Christian','810905','Tyo','Mc');
INSERT INTO "empleados" VALUES(228,1703510,'Niño Arroyo, David Ricardo',32,'Por definir','Asesor Comercial a','Vendedor Calle','2020-08-16','2020-08-16','10-Mar','Pmx Palenque','M','davidr.ninoa@cemex.com','dvdrcnino','Vazquez Quintero, Christian','810905','Adm','Ms');
INSERT INTO "empleados" VALUES(229,1740013,'Alejandro Montejo, Aracely',32,'Por definir','Vendedor de Mostrador','Vendedor Mostrador','2024-05-01','2024-05-01','15-Nov','Pmx Palenque','F','ARACELY.ALEJANDRO@CEMEX.COM','AALEJANDROM','Vazquez Quintero, Christian','810905','Adm','Ms');
INSERT INTO "empleados" VALUES(230,155698,'Diaz Burguete, Guillermo',33,'Por definir','Jefe de Almacen','Almacenista','2013-01-01','2013-01-01','4-Feb','Pmx Playa Del Carmen','M','guillermo.diaz@cemex.com','gdiazb','Benavente Fernandez, Luis Fernando','810507','Adm','Mv');
INSERT INTO "empleados" VALUES(231,148467,'Canche Tec, Arceño Ismael',33,'Por definir','Cargador','Cargador','2013-01-01','2022-08-01','21-Jun','Pmx Playa Del Carmen','M','arcenoizmael.canche@cemex.com','aicanche','Benavente Fernandez, Luis Fernando','810507','Ope','Zw');
INSERT INTO "empleados" VALUES(232,1744967,'Lopez Moreno, Josue Abraham',33,'Por definir','Cargador a','Cargador','2024-10-11','2024-10-11','23-Mar','Pmx Playa Del Carmen','M','JOSUE.LOPEZ@CEMEX.COM','JOSUEALOPEZ','Benavente Fernandez, Luis Fernando','810507','Ope','Zw');
INSERT INTO "empleados" VALUES(233,1748539,'Dominguez de la Cruz, Riky Luis',33,'Por definir','Cargador','Cargador','2025-04-18','2025-04-18','30-Mar','Pmx Playa Del Carmen','M','RIKY.DOMINGUEZ@CEMEX.COM','RLDOMINGUEZD','Benavente Fernandez, Luis Fernando','810507','Ope','Zw');
INSERT INTO "empleados" VALUES(234,149251,'Montiel Lopez, Guadalupe',33,'Por definir','Chofer Cargador','Chofer','2013-01-01','2022-08-01','26-Sep','Pmx Playa Del Carmen','M','guadalupe.montiel@cemex.com','gmontiel','Benavente Fernandez, Luis Fernando','810507','Ope','Zw');
INSERT INTO "empleados" VALUES(235,1723463,'Sanchez Ramirez, Alondra',34,'Por definir','Administrador de Ventas','Adve','2022-09-01','2022-09-01','29-May','Pmx Puruandiro','F','alondra.sanchez@cemex.com','alnsanchezr','Acosta Herrera, Bertha Patricia','810914','Adm','Ms');
INSERT INTO "empleados" VALUES(236,1722356,'Bermudez Arevalo, Raul Rafael',34,'Por definir','Cargador b','Cargador','2022-07-13','2022-07-13','24-Ene','Pmx Puruandiro','M','','rbermudeza','Acosta Herrera, Bertha Patricia','810914','Ope','Zw');
INSERT INTO "empleados" VALUES(237,1723155,'Alvarez Farfan, Raul Fernando',34,'Por definir','Chofer Cargador a','Chofer','2022-08-10','2022-08-10','11-Feb','Pmx Puruandiro','M','','rlalvarez','Acosta Herrera, Bertha Patricia','810914','Ope','Zw');
INSERT INTO "empleados" VALUES(238,1737898,'Quintero Salas, Juan Carlos',34,'Por definir','Chofer Cargador','Chofer','2024-01-25','2024-01-25','20-Oct','Pmx Puruandiro','M','JUAN.QUINTERO@CEMEX.COM','JCQUINTEROS','Acosta Herrera, Bertha Patricia','810914','Ope','Zw');
INSERT INTO "empleados" VALUES(239,1434802,'Zapien Serrano, Haydee Verenice',34,'Por definir','Gerente de Tienda jr','Gerente de Tienda','2021-02-16','2021-02-16','30-Jul','Pmx Puruandiro','F','haydeeverenice.zapien@cemex.com','hzapien','Acosta Herrera, Bertha Patricia','810914','Adm','Ms');
INSERT INTO "empleados" VALUES(240,1713345,'Orozco Diaz, Maria Del Socorro',34,'Por definir','Asesor Comercial a','Vendedor Calle','2021-07-16','2022-09-01','13-May','Pmx Puruandiro','F','mariad.orozcod@cemex.com','mdorozco','Acosta Herrera, Bertha Patricia','810914','Adm','Ms');
INSERT INTO "empleados" VALUES(241,1721528,'Ramos Nieves, Mireya Isabel',35,'Por definir','Administrador de Ventas','Adve','2022-06-23','2022-06-23','6-Jul','Pmx Queretaro','F','mireyaisabel.ramos@cemex.com','mramosn','Acosta Herrera, Bertha Patricia','810607','Adm','Ms');
INSERT INTO "empleados" VALUES(242,1732222,'Salas Zuñiga, Dafnel Alexis',35,'Por definir','Chofer Cargador a','Chofer','2024-04-01','2024-04-01','20-Jun','Pmx Queretaro','M','','dsalasz','Acosta Herrera, Bertha Patricia','810607','Ope','Zw');
INSERT INTO "empleados" VALUES(243,1741437,'Laguna Estrada, Hector',35,'Por definir','Chofer Cargador a','Chofer','2024-06-03','2024-06-03','4-Dic','Pmx Queretaro','M','HECTOR.LAGUNA@CEMEX.COM','HLAGUNAE','Acosta Herrera, Bertha Patricia','810607','Ope','Zw');
INSERT INTO "empleados" VALUES(244,1718771,'Thierry Flores, Angel Jehosafat',35,'Por definir','Gerente de Tienda sr','Gerente de Tienda','2022-03-16','2023-10-01','31-Oct','Pmx Queretaro','M','ANGELJEHOSAFAT.THIERRY@CEMEX.COM','ATHIERRY','Acosta Herrera, Bertha Patricia','810607','Adm','Ms');
INSERT INTO "empleados" VALUES(245,1741234,'Salgado Fitz, Marco Antonio',35,'Por definir','Asesor Comercial a','Vendedor Calle','2024-06-16','2024-06-16','22-Feb','Pmx Queretaro','M','MARCO.SALGADO@CEMEX.COM','MASALGADO','Acosta Herrera, Bertha Patricia','810607','Adm','Ms');
INSERT INTO "empleados" VALUES(246,1720227,'Rodriguez Chavez, Jenitzia Araceli',36,'Por definir','Administrador de Ventas','Adve','2022-05-01','2023-04-01','11-May','Pmx Recursos Hidraulicos','F','jenitziaaraceli.rodriguez@cemex.com','jnrodriguezc','Acosta Herrera, Bertha Patricia','810602','Adm','Ms');
INSERT INTO "empleados" VALUES(247,1746443,'Gonzalez Gutierrez, Eduardo',36,'Por definir','Chofer Cargador a','Chofer','2024-12-30','2024-12-30','18-Jun','Pmx Recursos Hidraulicos','M','EDUARDO.GONZALEZGT@CEMEX.COM','EDUARDOG','Acosta Herrera, Bertha Patricia','810602','Ope','Zw');
INSERT INTO "empleados" VALUES(248,1748456,'Montoya Miranda, Juan Daniel',36,'Por definir','Chofer Cargador a','Chofer','2025-04-14','2025-04-14','24-Jun','Pmx Recursos Hidraulicos','M','JUAND.MONTOYAM@CEMEX.COM','JDMONTOYA','Acosta Herrera, Bertha Patricia','810602','Ope','Zw');
INSERT INTO "empleados" VALUES(249,1707660,'Toral Ramos, Jose Juan',36,'Por definir','Jefe de Tienda jr','Jefe de Tienda','2021-01-01','2024-07-01','19-Oct','Pmx Recursos Hidraulicos','M','josejuan.toral@cemex.com','jtoralr','Acosta Herrera, Bertha Patricia','810602','Adm','Ms');
INSERT INTO "empleados" VALUES(250,1746180,'Herrera Zarate, Juan Eduardo',36,'Por definir','Asesor Comercial b','Vendedor Calle','2024-12-16','2024-12-16','28-Sep','Pmx Recursos Hidraulicos','M','JUANED.HERRERA@CEMEX.COM','JUANEHERRERA','Acosta Herrera, Bertha Patricia','810602','Adm','Ms');
INSERT INTO "empleados" VALUES(251,1707436,'Aleman Leos, Jose Isabel',37,'Por definir','Administrador de Ventas','Adve','2020-12-16','2020-12-16','16-Oct','Pmx Salinas San Luis Potosi','M','joseisabel.aleman@cemex.com','jalemanl','Ruiz Perez, Juan Fernando','811007','Adm','Ms');
INSERT INTO "empleados" VALUES(252,1701086,'Rangel Tapia, Miguel Angel',37,'Por definir','Cargador','Cargador','2020-03-16','2020-03-16','19-Nov','Pmx Salinas San Luis Potosi','M','miguelangel.rangel@cemex.com','mrangelt','Ruiz Perez, Juan Fernando','811007','Ope','Zw');
INSERT INTO "empleados" VALUES(253,1700987,'Moreno Rivera, Jose Martin',37,'Por definir','Chofer Cargador','Chofer','2020-03-16','2020-03-16','13-Abr','Pmx Salinas San Luis Potosi','M','josemartin.moreno@cemex.com','jsmmoreno','Ruiz Perez, Juan Fernando','811007','Ope','Zw');
INSERT INTO "empleados" VALUES(254,1730019,'Gutierrez Bermudez, Jose Guadalupe',37,'Por definir','Jefe de Tienda sr','Jefe de Tienda','2023-06-01','2023-06-01','9-May','Pmx Salinas San Luis Potosi','M','joseguadalupe.gutierrezb@cemex.com','jsgutierrezb','Ruiz Perez, Juan Fernando','811007','Adm','Ms');
INSERT INTO "empleados" VALUES(255,1701065,'Arroyo Paredes, Maria Del Carmen',38,'Por definir','Administrador de Ventas','Adve','2020-03-16','2020-03-16','20-Jun','Pmx Salvatierra','F','mariadelcarmen.arroyo@cemex.com','marroyop','Ruiz Perez, Juan Fernando','810764','Adm','Ms');
INSERT INTO "empleados" VALUES(256,1714422,'Mata Muñoz, Eduardo Adan',38,'Por definir','Cargador a','Cargador','2023-03-01','2021-08-17','1-Oct','Pmx Salvatierra','M','eduardoadan.mata@cemex.com','edrddmata','Ruiz Perez, Juan Fernando','810764','Ope','Zw');
INSERT INTO "empleados" VALUES(257,1700985,'Mata Nigoa, Jose Manuel',38,'Por definir','Chofer Cargador','Chofer','2020-03-16','2020-03-16','16-Jun','Pmx Salvatierra','M','','JSMNLMATA','Ruiz Perez, Juan Fernando','810764','Ope','Zw');
INSERT INTO "empleados" VALUES(258,1703957,'Alcazar Velasco, Mery Gricelda',39,'Por definir','Administrador de Ventas','Adve','2020-08-16','2020-08-16','26-Abr','Pmx San Cristobal de Las Casas','F','merygricelda.alcazarvelasco@cemex.com','malcazarv','Orozco Lagunas, Berenice','810904','Adm','Ms');
INSERT INTO "empleados" VALUES(259,1703963,'Velasco Diaz, Domingo',39,'Por definir','Cargador b','Cargador','2024-05-14','2020-08-17','1-Nov','Pmx San Cristobal de Las Casas','M','DOMINGO.VELASCO@CEMEX.COM','DVELASCOD','Orozco Lagunas, Berenice','810904','Ope','Zw');
INSERT INTO "empleados" VALUES(260,1708872,'Jimenez Santiz, Juan Pablo',39,'Por definir','Chofer b Promexma','Chofer','2021-03-01','2021-04-26','8-Mar','Pmx San Cristobal de Las Casas','M','JUANPABLO.JIMENEZS@CEMEX.COM','JNJIMENEZS','Orozco Lagunas, Berenice','810904','Ope','Zw');
INSERT INTO "empleados" VALUES(261,1746917,'Najera Montoya, Jose Vidal',39,'Por definir','Chofer Cargador b','Chofer','2025-01-20','2025-01-20','4-Ago','Pmx San Cristobal de Las Casas','M','JOSEV.NAJERAM@CEMEX.COM','JVNAJERA','Orozco Lagunas, Berenice','810904','Ope','Zw');
INSERT INTO "empleados" VALUES(262,1703978,'Lopez Gomez, Marcos',39,'Por definir','Gerente de Tienda jr','Gerente de Tienda','2020-08-16','2020-08-16','21-Ene','Pmx San Cristobal de Las Casas','M','marcos.lopez@cemex.com','mrclopezg','Orozco Lagunas, Berenice','810904','Adm','Ms');
INSERT INTO "empleados" VALUES(263,1703977,'Alfaro Cortua, Mario Alfonso',39,'Por definir','Asesor Comercial a','Vendedor Calle','2020-08-16','2020-08-16','23-Dic','Pmx San Cristobal de Las Casas','M','marioa.alfaroc@cemex.com','malfaroc','Orozco Lagunas, Berenice','810904','Adm','Ms');
INSERT INTO "empleados" VALUES(264,1728971,'Segura Covarrubias, Marisela',40,'Por definir','Administrador de Ventas','Adve','2023-04-23','2023-04-23','12-Ago','Pmx San Diego de la Union','F','marisela.segura@cemex.com','msegurac','Ruiz Perez, Juan Fernando','810710','Adm','Ms');
INSERT INTO "empleados" VALUES(265,1745352,'Segura Segura, Antonio',40,'Por definir','Cargador a','Cargador','2024-11-04','2024-11-04','11-Feb','Pmx San Diego de la Union','M','ANTONIO.SEGURA@CEMEX.COM','ASEGURAS','Ruiz Perez, Juan Fernando','810710','Ope','Zw');
INSERT INTO "empleados" VALUES(266,1729621,'Garcia Rosas, Luis Arturo',40,'Por definir','Chofer Cargador a','Chofer','2023-05-04','2023-06-19','1-Jul','Pmx San Diego de la Union','M','luisarturo.garciar@cemex.com','lsrgarciar','Ruiz Perez, Juan Fernando','810710','Ope','Zw');
INSERT INTO "empleados" VALUES(267,1730463,'Galindo Ramirez, Juan Antonio',40,'Por definir','Chofer Cargador a','Chofer','2023-05-29','2023-05-29','18-Oct','Pmx San Diego de la Union','M','juanantonio.galindo@cemex.com','jngalindor','Ruiz Perez, Juan Fernando','810710','Ope','Zw');
INSERT INTO "empleados" VALUES(268,1730279,'Leura Santillan, Juan Francisco',40,'Por definir','Jefe de Tienda sr','Jefe de Tienda','2023-06-01','2023-06-01','11-Ago','Pmx San Diego de la Union','M','juanfrancisco.leura@cemex.com','jleura','Ruiz Perez, Juan Fernando','810710','Adm','Ms');
INSERT INTO "empleados" VALUES(269,1731541,'Zepeda Hernandez, Luis Enrique',40,'Por definir','Asesor Comercial b','Vendedor Calle','2023-07-01','2023-07-01','23-Nov','Pmx San Diego de la Union','M','LUISENRIQUE.ZEPEDA@CEMEX.COM','LZEPEDAH','Ruiz Perez, Juan Fernando','810710','Adm','Ms');
INSERT INTO "empleados" VALUES(270,1703323,'Garcia Ruiz, Luis Angel',41,'Por definir','Administrador de Ventas','Adve','2020-08-16','2020-08-16','5-Nov','Pmx San Jose Del Cabo','M','luisa.garciar@cemex.com','lsgarciar','Sigala Escobedo, Alvaro','810761','Adm','Ms');
INSERT INTO "empleados" VALUES(271,1703324,'Carreon Garcia, Lucio',41,'Por definir','Chofer Cargador a','Chofer','2020-08-17','2020-08-17','30-Jun','Pmx San Jose Del Cabo','M','lucio.carreon@cemex.com','lcarreon','Sigala Escobedo, Alvaro','810761','Ope','Zw');
INSERT INTO "empleados" VALUES(272,1703326,'Coronado Amaral, Luis Angel',41,'Por definir','Chofer Cargador a','Chofer','2020-08-17','2020-08-17','2-Nov','Pmx San Jose Del Cabo','M','luisangel.coronado@cemex.com','lcoronadoa','Sigala Escobedo, Alvaro','810761','Ope','Zw');
INSERT INTO "empleados" VALUES(273,1728082,'Santa fe Conchas, Jaziel Aaron',41,'Por definir','Chofer Cargador a','Chofer','2023-03-06','2023-04-10','10-Feb','Pmx San Jose Del Cabo','M','jazielaaron.santafe@cemex.com','jsantafe','Sigala Escobedo, Alvaro','810761','Ope','Zw');
INSERT INTO "empleados" VALUES(274,1400973,'Mendivil Urquidez, Lucina Lydia',41,'Por definir','Gerente de Tienda jr','Gerente de Tienda','2021-01-16','2021-08-16','28-Feb','Pmx San Jose Del Cabo','F','lucinalydia.mendivil@cemex.com','lmendivil','Sigala Escobedo, Alvaro','810761','Adm','Ms');
INSERT INTO "empleados" VALUES(275,1703325,'Burgoin Ceseña, Jose Angel',41,'Por definir','Asesor Comercial b','Vendedor Calle','2020-08-16','2020-08-16','8-May','Pmx San Jose Del Cabo','M','jose.burgoin@cemex.com','jburgoin','Sigala Escobedo, Alvaro','810761','Adm','Ms');
INSERT INTO "empleados" VALUES(276,1719983,'Alfaro Muñoz, Laura Estefany',42,'Por definir','Administrador de Ventas','Adve','2022-04-23','2022-04-23','5-Feb','Pmx San Juan de Los Lagos','F','lauraestefany.alfaro@cemex.com','lalfaro','Madera Esparza, Elias Emmanuel','810765','Adm','Ms');
INSERT INTO "empleados" VALUES(277,1748537,'Hernandez Hernandez, Roberto',42,'Por definir','Chofer Cargador a','Chofer','2025-04-21','2025-04-21','20-May','Pmx San Juan de Los Lagos','M','ROBERTO.HERNANDEZH@CEMEX.COM','RBHERNANDEZH','Madera Esparza, Elias Emmanuel','810765','Ope','Zw');
INSERT INTO "empleados" VALUES(278,1726416,'Belmonte Gonzalez, Cesar',42,'Por definir','Jefe de Tienda jr Promexma','Jefe de Tienda','2023-01-01','2023-01-01','5-Oct','Pmx San Juan de Los Lagos','M','cesar.belmonte@cemex.com','cbelmonteg','Madera Esparza, Elias Emmanuel','810765','Adm','Ms');
INSERT INTO "empleados" VALUES(279,1703502,'Jimenez Garcia, Miguel Angel',43,'Por definir','Jefe de Almacen','Almacenista','2020-08-16','2021-12-01','23-May','Pmx San Luis de la Paz','M','miguelangel.jimenezgarcia@cemex.com','mgjimenez','Ruiz Perez, Juan Fernando','811013','Adm','Ms');
INSERT INTO "empleados" VALUES(280,1733976,'Ramirez Castillo, Daniel',43,'Por definir','Cargador','Cargador','2023-08-31','2023-08-31','21-Jul','Pmx San Luis de la Paz','M','DANIEL.RAMIREZC@CEMEX.COM','DRAMIREZC','Ruiz Perez, Juan Fernando','811013','Ope','Zw');
INSERT INTO "empleados" VALUES(281,1739681,'Morales Leon, Eusebio Daniel',43,'Por definir','Cargador','Cargador','2024-04-09','2024-04-09','23-Nov','Pmx San Luis de la Paz','M','EUSEBIO.MORALES@CEMEX.COM','EDMORALESL','Ruiz Perez, Juan Fernando','811013','Ope','Zw');
INSERT INTO "empleados" VALUES(282,1724431,'Vazquez Morales, Luis Ricardo',43,'Por definir','Chofer','Chofer','2022-10-01','2022-10-01','25-Ago','Pmx San Luis de la Paz','M','LUISRICARDO.VAZQUEZ@CEMEX.COM','lsvazquezm','Ruiz Perez, Juan Fernando','811013','Ope','Zw');
INSERT INTO "empleados" VALUES(283,1738767,'Morales Ramirez, Mario',43,'Por definir','Chofer','Chofer','2024-03-01','2024-03-01','15-Ago','Pmx San Luis de la Paz','M','MARIO.MORALESR@CEMEX.COM','MRMORALESR','Ruiz Perez, Juan Fernando','811013','Ope','Zw');
INSERT INTO "empleados" VALUES(284,1703501,'Figueroa Sanchez, Juan Manuel',43,'Por definir','Jefe de Tienda jr','Jefe de Tienda','2020-08-16','2020-08-16','7-Ene','Pmx Salvatierra','M','juanmanuel.figueroasanchez@cemex.com','jnfigueroas','Ruiz Perez, Juan Fernando','811013','Adm','Ms');
INSERT INTO "empleados" VALUES(285,1700959,'Mendez Ramirez, Jose Arnulfo',43,'Por definir','Asesor Comercial a','Vendedor Calle','2020-03-16','2020-03-16','26-Jul','Pmx San Luis de la Paz','M','josearnulfo.mendez@cemex.com','jsmendezr','Ruiz Perez, Juan Fernando','811013','Adm','Ms');
INSERT INTO "empleados" VALUES(286,1700800,'Rangel Niño, Claudia Jessica',44,'Por definir','Administrador de Ventas','Adve','2020-03-16','2020-03-16','14-Jun','Pmx San Luis Potosi','F','claudiajessica.rangel@cemex.com','crangeln','Ruiz Perez, Juan Fernando','810704','Adm','Ms');
INSERT INTO "empleados" VALUES(287,1700968,'Bravo Bravo, Jose Fidel',44,'Por definir','Cargador','Cargador','2020-03-16','2020-03-16','23-Abr','Pmx San Luis Potosi','M','josefidel.bravo@cemex.com','jsbravo','Ruiz Perez, Juan Fernando','810704','Ope','Zw');
INSERT INTO "empleados" VALUES(288,1700922,'Rocha Galindo, Javier',44,'Por definir','Chofer','Chofer','2020-03-16','2020-03-16','5-Feb','Pmx San Luis Potosi','M','javier.rocha@cemex.com','jrochag','Ruiz Perez, Juan Fernando','810704','Ope','Zw');
INSERT INTO "empleados" VALUES(289,1701111,'Noyola Guerrero, Oscar Hugo',44,'Por definir','Gerente de Tienda jr','Gerente de Tienda','2020-03-16','2023-06-01','16-May','Pmx San Luis Potosi','M','oscarhugo.noyola@cemex.com','onoyola','Ruiz Perez, Juan Fernando','810704','Adm','Ms');
INSERT INTO "empleados" VALUES(290,1746481,'Jasso Galvan, Teresa',44,'Por definir','Asesor Comercial a','Vendedor Calle','2025-01-23','2025-01-23','22-Ago','Pmx San Luis Potosi','F','TERESA.JASSO@CEMEX.COM','TJASSOG','Ruiz Perez, Juan Fernando','810704','Adm','Ms');
INSERT INTO "empleados" VALUES(291,1731017,'Hernandez Sanchez, Jose Francisco',44,'Por definir','Vendedor de Mostrador','Vendedor Mostrador','2023-06-16','2023-06-16','5-Nov','Pmx San Luis Potosi','M','josefrancisco.hernandezs@cemex.com','jsfhernandzs','Ruiz Perez, Juan Fernando','810704','Adm','Ms');
INSERT INTO "empleados" VALUES(292,1716924,'Martinez Garcia, Carmen Dolores',45,'Por definir','Administrador de Ventas','Adve','2021-12-01','2021-12-01','16-Jul','Pmx Ajalpan','F','carmendolores.martinez@cemex.com','crmmartinezg','Ochoa Barragan, Valeria Jackeline','810801','Adm','Ms');
INSERT INTO "empleados" VALUES(293,1734869,'Apantenco Soto, Erik',45,'Por definir','Auxiliar de Almacen Promexma','Almacenista','2023-09-27','2024-01-15','7-Jul','Pmx San Martin','M','ERIK.APATENCO@CEMEX.COM','EAPANTENCOS','Ochoa Barragan, Valeria Jackeline','810801','Ope','Zw');
INSERT INTO "empleados" VALUES(294,1733719,'Pulido Pulido, Jehu',45,'Por definir','Cargador b','Cargador','2023-08-28','2023-12-04','28-Jul','Pmx San Martin','M','jehu.pulido@cemex.com','jpulidop','Ochoa Barragan, Valeria Jackeline','810801','Ope','Zw');
INSERT INTO "empleados" VALUES(295,1736184,'Fuentes Luna, Andres',45,'Por definir','Cargador b Promexma','Cargador','2023-11-14','2023-11-14','10-Dic','Pmx San Martin','M','ANDRES.FUENTES@CEMEX.COM','ANFUENTESL','Ochoa Barragan, Valeria Jackeline','810801','Ope','Zw');
INSERT INTO "empleados" VALUES(296,1703582,'Morales Perez, Victor',45,'Por definir','Chofer Cargador b','Chofer','2020-08-17','2023-09-25','27-Jul','Pmx San Martin','M','VICTOR.MORALES@CEMEX.COM','VCMORALES','Ochoa Barragan, Valeria Jackeline','810801','Ope','Zw');
INSERT INTO "empleados" VALUES(297,1731022,'Cruz Garcia, Luis Fernando',45,'Por definir','Chofer Cargador b','Chofer','2023-06-12','2023-06-12','22-Abr','Pmx Ajalpan','M','luisfernando.cruz@cemex.com','lsfrncruz','Ochoa Barragan, Valeria Jackeline','810801','Ope','Zw');
INSERT INTO "empleados" VALUES(298,1701014,'Salinas Martinez, Juan Pablo',45,'Por definir','Gerente de Tienda sr','Gerente de Tienda','2020-03-16','2024-09-01','29-Jun','Pmx San Martin','M','juanpablo.salinasm@cemex.com','jnsalinas','Ochoa Barragan, Valeria Jackeline','810801','Adm','Ms');
INSERT INTO "empleados" VALUES(299,1704328,'Linares Dector, Daniel',45,'Por definir','Asesor Comercial Administrador','Vendedor Calle','2020-08-16','2020-08-16','19-Jul','Pmx Ajalpan','M','daniel.linares@cemex.com','dlinaresd','Ochoa Barragan, Valeria Jackeline','810801','Adm','Ms');
INSERT INTO "empleados" VALUES(300,1737121,'Torres Lezama, David',45,'Por definir','Asesor Comercial a','Vendedor Calle','2024-01-01','2024-01-01','11-Jul','Pmx San Martin','M','DAVID.TORRES@CEMEX.COM','DTORRESL','Ochoa Barragan, Valeria Jackeline','810801','Adm','Ms');
INSERT INTO "empleados" VALUES(301,1717626,'Velazquez Lezama, Marisol',45,'Por definir','Vendedor de Mostrador Pro','Vendedor Mostrador','2022-01-23','2022-01-23','15-Jul','Pmx San Martin','F','marisol.velazquez@cemex.com','mvelazquezl','Ochoa Barragan, Valeria Jackeline','810801','Adm','Ms');
INSERT INTO "empleados" VALUES(302,1710587,'Cabrera Buenrostro, Jose Maria',46,'Por definir','Administrador de Ventas','Adve','2021-05-16','2021-05-16','5-Oct','Pmx Tapachula','M','josemaria.cabrera@cemex.com','jcabrerab','Orozco Lagunas, Berenice','810903','Adm','Ms');
INSERT INTO "empleados" VALUES(303,1746708,'Lopez Lopez, Oscar Antonio',46,'Por definir','Jefe de Almacen','Almacenista','2025-01-23','2025-01-23','4-Mar','Pmx Tapachula','M','OSCAR.LOPEZLOPEZ@CEMEX.COM','OSCARALPZLPZ','Orozco Lagunas, Berenice','810903','Adm','Ms');
INSERT INTO "empleados" VALUES(304,1703965,'Vazquez Castro, Carlos Alonso',46,'Por definir','Cargador b','Cargador','2020-08-17','2020-08-17','22-Ago','Pmx Tapachula','M','CARLOSALONSO.VAZQUEZ@CEMEX.COM','CRVAZQUEZC','Orozco Lagunas, Berenice','810903','Ope','Zw');
INSERT INTO "empleados" VALUES(305,1710291,'Hernandez Gonzalez, Jovan',46,'Por definir','Cargador b Promexma','Cargador','2021-04-26','2021-04-26','7-Dic','Pmx Tapachula','M','JOVAN.HERNANDEZ@CEMEX.COM','jvnhernandez','Orozco Lagunas, Berenice','810903','Ope','Zw');
INSERT INTO "empleados" VALUES(306,1722907,'Reyes Aguilar, Nicolas Eduardo',46,'Por definir','Cargador b','Cargador','2022-08-01','2022-08-01','16-May','Pmx Tapachula','M','NICOLASEDUARDO.REYES@CEMEX.COM','nreyesa','Orozco Lagunas, Berenice','810903','Ope','Zw');
INSERT INTO "empleados" VALUES(307,1747925,'Jimenez Barrios, Efren',46,'Por definir','Cargador b','Cargador','2025-03-12','2025-03-12','25-Ago','Pmx Tapachula','M','EFREN.JIMENEZB@CEMEX.COM','EFJIMENEZ','Orozco Lagunas, Berenice','810903','Ope','Zw');
INSERT INTO "empleados" VALUES(308,164805,'de Leon Rivera, Jose Alberto',46,'Por definir','Chofer Cargador b Promexma','Chofer','2013-01-01','2022-08-01','19-Dic','Pmx Tapachula','M','JOSEA.DELEONR@CEMEX.COM','JOSEADELEON','Orozco Lagunas, Berenice','810903','Ope','Zw');
INSERT INTO "empleados" VALUES(309,1703958,'Matias Velazquez, Pedro',46,'Por definir','Chofer Cargador b','Chofer','2020-08-17','2020-08-17','7-May','Pmx Tapachula','M','pedro.matiaz@cemex.com','pmatiaz','Orozco Lagunas, Berenice','810903','Ope','Zw');
INSERT INTO "empleados" VALUES(310,1741416,'Chacon Reyes, Medardo',46,'Por definir','Chofer Cargador b Promexma','Chofer','2024-06-03','2024-06-03','29-Ago','Pmx Tapachula','M','MEDARDO.CHACON@CEMEX.COM','MDCHACON','Orozco Lagunas, Berenice','810903','Ope','Zw');
INSERT INTO "empleados" VALUES(311,1703976,'Reyes Constantino, Carlos Fernando',46,'Por definir','Gerente de Tienda jr','Gerente de Tienda','2020-08-16','2020-08-16','17-Ago','Pmx Tapachula','M','carlos.reyes@cemex.com','creyesc','Orozco Lagunas, Berenice','810903','Adm','Ms');
INSERT INTO "empleados" VALUES(312,1703974,'Godoy Rebolorio, Oscar Otoniel',46,'Por definir','Asesor Comercial a','Vendedor Calle','2020-08-16','2020-08-16','11-May','Pmx Tapachula','M','oscarotoniel.godoyrebolorio@cemex.com','ogodoy','Orozco Lagunas, Berenice','810903','Adm','Ms');
INSERT INTO "empleados" VALUES(313,1728106,'Garduño Aragon, Lucia Angelica',47,'Por definir','Administrador de Ventas','Adve','2023-03-16','2023-03-16','14-Sep','Pmx Texcoco','F','luciaangelica.garduno@cemex.com','lcgarduno','Acosta Herrera, Bertha Patricia','810964','Adm','Ms');
INSERT INTO "empleados" VALUES(314,1703596,'Palomares Reyes, Edgar Ricardo',47,'Por definir','Chofer Cargador a','Chofer','2024-11-25','2024-11-25','30-May','Pmx Texcoco','M','RICARDOPALOMARES96969@GMAIL.COM','epalomaresr','Acosta Herrera, Bertha Patricia','810964','Ope','Zw');
INSERT INTO "empleados" VALUES(315,1701963,'Enciso Leon, Guisela Isbet',47,'Por definir','Gerente de Tienda jr','Gerente de Tienda','2020-03-01','2023-10-01','18-Mar','Pmx Texcoco','F','guiselaisbet.encisol@cemex.com','genciso','Acosta Herrera, Bertha Patricia','810964','Tyo','Mc');
INSERT INTO "empleados" VALUES(316,1732091,'Guadarrama Perez, Edgar Geovanny',47,'Por definir','Asesor Comercial b','Vendedor Calle','2023-07-16','2023-07-16','22-Jun','Pmx Texcoco','M','edgar.guadarrama@cemex.com','egguadarrama','Acosta Herrera, Bertha Patricia','810964','Adm','Ms');
INSERT INTO "empleados" VALUES(317,1727578,'Espinoza Salgado, Erick',48,'Por definir','Administrador de Ventas','Adve','2023-02-14','2025-03-01','12-Jul','Pmx Tezoyuca','M','erick.espinoza@cemex.com','erespinoza','Soto Rojas, Yaricsi Veronica','810817','Adm','Ms');
INSERT INTO "empleados" VALUES(318,1736754,'Aguilar Ramirez, Ramiro Alfredo',48,'Por definir','Cargador a','Cargador','2023-12-05','2023-12-05','2-Oct','Pmx Tezoyuca','M','RAMIRO.AGUILAR@CEMEX.COM','RAAGUILAR','Soto Rojas, Yaricsi Veronica','810817','Ope','Zw');
INSERT INTO "empleados" VALUES(319,1740417,'Macin Polo, Ivan',48,'Por definir','Cargador a','Cargador','2024-05-06','2024-05-06','17-Nov','Pmx Tezoyuca','M','IVAN.MACIN@CEMEX.COM','IMACINP','Soto Rojas, Yaricsi Veronica','810817','Ope','Zw');
INSERT INTO "empleados" VALUES(320,1747933,'Sotelo Chavez, Raul',48,'Por definir','Cargador a','Cargador','2025-03-17','2025-03-17','8-Sep','Pmx Tezoyuca','M','RAUL.SOTELO@CEMEX.COM','RSOTELOC','Soto Rojas, Yaricsi Veronica','810817','Ope','Zw');
INSERT INTO "empleados" VALUES(321,1724476,'Gonzalez Ceballos, Luggi Ivan',48,'Por definir','Chofer Cargador','Chofer','2022-10-03','2022-12-05','27-Jun','Pmx Tezoyuca','M','luggiivan.gonzalez@cemex.com','lgggonzalez','Soto Rojas, Yaricsi Veronica','810817','Ope','Zw');
INSERT INTO "empleados" VALUES(322,1748247,'Quintero Lucio, Carlos Alberto',48,'Por definir','Chofer Cargador','Chofer','2025-04-02','2025-04-02','28-Nov','Pmx Tezoyuca','M','CARLOS.QUINTERO@CEMEX.COM','CAQUINTERO','Soto Rojas, Yaricsi Veronica','810817','Ope','Zw');
INSERT INTO "empleados" VALUES(323,1703926,'Sandoval Garcia, Jose Armando',48,'Por definir','Gerente de Tienda sr','Gerente de Tienda','2020-08-16','2024-09-01','26-Ago','Pmx Tezoyuca','M','jose.sandoval@cemex.com','jsandovalg','Soto Rojas, Yaricsi Veronica','810817','Adm','Ms');
INSERT INTO "empleados" VALUES(324,1737359,'Diaz Garcia, Ricardo',48,'Por definir','Asesor Comercial a','Vendedor Calle','2024-01-16','2024-06-01','26-Oct','Pmx Tezoyuca','M','RICARDO.DIAZG@CEMEX.COM','RCDIAZG','Soto Rojas, Yaricsi Veronica','810817','Adm','Ms');
INSERT INTO "empleados" VALUES(325,1748178,'Villaseñor Barajas, Monica Patricia',49,'Por definir','Administrador de Ventas','Adve','2025-04-16','2025-04-16','26-Jun','Pmx Tijuana','F','MONICA.VILLASENOR@CEMEX.COM','MPVILLASENOR','Santos Alonzo, Diana Lorely','810762','Adm','Ms');
INSERT INTO "empleados" VALUES(326,1741444,'Camacho Chaparro, Ernesto Alonso',49,'Por definir','Chofer Cargador a','Chofer','2024-06-03','2024-06-03','1-Ago','Pmx Tijuana','M','','','Santos Alonzo, Diana Lorely','810762','Ope','Zw');
INSERT INTO "empleados" VALUES(327,1703542,'San Miguel Sifuentes, Adrian Alonso',49,'Por definir','Gerente de Tienda sr','Gerente de Tienda','2020-08-16','2021-07-01','8-Jul','Bodega Tijuana i','M','adrian.sanmiguel@cemex.com','asanmiguels','Santos Alonzo, Diana Lorely','810762','Tyo','Mc');
INSERT INTO "empleados" VALUES(328,1714057,'Lopez Malvaez, Irvin Hasel',49,'Por definir','Asesor Comercial b','Vendedor Calle','2021-08-01','2021-08-01','9-Ene','Pmx Tijuana','M','irvinhasel.lopezmalvaez@cemex.com','ilopezmalv','Santos Alonzo, Diana Lorely','810762','Adm','Ms');
INSERT INTO "empleados" VALUES(329,1718239,'Salinas Mendoza, Juana',50,'Por definir','Administrador de Ventas','Adve','2022-02-16','2022-02-16','16-Abr','Pmx Tlacolula 2','F','juana.salinasm@cemex.com','jnsalinasm','Campos Cordova, Astrid Anabelle','810961','Adm','Ms');
INSERT INTO "empleados" VALUES(330,1704339,'Robles Cruz, Jose Domingo',50,'Por definir','Cargador b','Cargador','2020-08-17','2020-08-17','11-Dic','Pmx Tlacolula 2','M','','JSROBLESC','Campos Cordova, Astrid Anabelle','810961','Ope','Zw');
INSERT INTO "empleados" VALUES(331,1704338,'Reyes Dominguez, Agustin',50,'Por definir','Chofer Cargador b','Chofer','2020-08-17','2020-08-17','27-Jun','Pmx Tlacolula 2','M','','agreyes','Campos Cordova, Astrid Anabelle','810961','Ope','Zw');
INSERT INTO "empleados" VALUES(332,1712585,'Matias Juan, Victor Manuel',50,'Por definir','Chofer Cargador','Chofer','2021-07-19','2021-07-19','10-Jul','Pmx Tlacolula 2','M','victormanuel.matias@cemex.com','vmatiasj','Campos Cordova, Astrid Anabelle','810961','Ope','Zw');
INSERT INTO "empleados" VALUES(333,1704337,'Alavez Lopez, Irving Alan',50,'Por definir','Jefe de Tienda jr','Jefe de Tienda','2020-08-16','2020-08-16','21-Sep','Pmx Tlacolula 2','M','irvingalan.alavezlopez@cemex.com','ialavez','Campos Cordova, Astrid Anabelle','810961','Adm','Ms');
INSERT INTO "empleados" VALUES(334,1745687,'Osorio Camarillo, Vivian Pamela',51,'Por definir','Administrador de Ventas','Adve','2024-11-23','2024-11-23','26-Feb','Pmx Tlajomulco','F','VIVIAN.OSORIO@CEMEX.COM','VPOSORIO','Madera Esparza, Elias Emmanuel','810758','Adm','Ms');
INSERT INTO "empleados" VALUES(335,1747435,'Perez Ramos, Azucena Yaneth',51,'Por definir','Administrador de Ventas','Adve','2025-03-01','2025-03-01','17-Jun','Pmx Tlajomulco','F','AZUCENAY.PEREZR@CEMEX.COM','AYPEREZR','Madera Esparza, Elias Emmanuel','810758','Adm','Ms');
INSERT INTO "empleados" VALUES(336,1746438,'Jimenez Sanchez, Luis Alberto',51,'Por definir','Jefe de Almacen','Almacenista','2025-01-07','2025-01-07','24-Ene','Pmx Tlajomulco','M','LUISA.JIMENEZS@CEMEX.COM','LAJIMENEZ','Madera Esparza, Elias Emmanuel','810758','Adm','Ms');
INSERT INTO "empleados" VALUES(337,1704302,'Rodriguez Baltazar, Luis Alonso',51,'Por definir','Chofer Cargador a','Chofer','2023-02-06','2023-10-09','17-Feb','Pmx Tlajomulco','M','luisalonso.rodriguez@cemex.com','lsrodriguezb','Madera Esparza, Elias Emmanuel','810758','Ope','Zw');
INSERT INTO "empleados" VALUES(338,1736544,'Ruiz Lopez, Miguel Angel',51,'Por definir','Chofer Cargador a','Chofer','2023-11-27','2023-11-27','24-Dic','Pmx Tlajomulco','M','MIGUEL.RUIZ@CEMEX.COM','MARUIZL','Madera Esparza, Elias Emmanuel','810758','Ope','Zw');
INSERT INTO "empleados" VALUES(339,1744385,'Rito Gallegos, Adolfo Alejandro',51,'Por definir','Chofer Cargador a','Chofer','2024-09-23','2024-09-23','24-Abr','Pmx Tlajomulco','M','ADOLFO.RITO@CEMEX.COM','AARITO','Madera Esparza, Elias Emmanuel','810758','Ope','Zw');
INSERT INTO "empleados" VALUES(340,1747143,'Chavez Ruiz, Israel Arturo',51,'Por definir','Chofer Cargador a','Chofer','2025-02-06','2025-02-06','30-Jun','Pmx Tlajomulco','M','ISRAELA.CHAVEZR@CEMEX.COM','IACHAVEZ','Madera Esparza, Elias Emmanuel','810758','Ope','Zw');
INSERT INTO "empleados" VALUES(341,1410694,'Vergara Carrillo, Yessica Eugenia',51,'Por definir','Gerente de Tienda jr','Gerente de Tienda','2015-01-16','2017-04-01','6-Jun','Pmx Tlajomulco','F','yessicaeugenia.vergara@cemex.com','yvergara','Madera Esparza, Elias Emmanuel','810758','Tyo','Mc');
INSERT INTO "empleados" VALUES(342,1700763,'Alcala Gonzalez, Antonio Esteban',51,'Por definir','Asesor Comercial b','Vendedor Calle','2020-03-16','2020-03-16','18-Abr','Pmx Tlajomulco','M','antonioesteban.alcala@cemex.com','aalcalag','Madera Esparza, Elias Emmanuel','810758','Adm','Ms');
INSERT INTO "empleados" VALUES(343,1704304,'Maya Alcantar, Maria Cristina',51,'Por definir','Asesor Comercial b','Vendedor Calle','2020-08-16','2021-11-01','30-Sep','Pmx Tlajomulco','F','mariacristina.mayaalcantar@cemex.com','mrcrsmaya','Madera Esparza, Elias Emmanuel','810758','Adm','Ms');
INSERT INTO "empleados" VALUES(344,1744561,'Lopez Rodriguez, Lizeth',52,'Por definir','Administrador de Ventas','Adve','2024-10-16','2024-10-16','11-May','Pmx Tlalmanalco','F','LIZETH.LOPEZRD@CEMEX.COM','LZTLOPEZ','Acosta Herrera, Bertha Patricia','811089','Adm','Ms');
INSERT INTO "empleados" VALUES(345,1739261,'Perez Rodriguez, Mariano',52,'Por definir','Chofer Cargador a','Chofer','2024-03-21','2024-03-21','26-Ago','Pmx Tlalmanalco','M','MARIANO.PEREZ@CEMEX.COM','MRNPEREZR','Acosta Herrera, Bertha Patricia','811089','Ope','Zw');
INSERT INTO "empleados" VALUES(346,1747859,'Sanchez Ortega, Eduardo',52,'Por definir','Chofer Cargador a','Chofer','2025-03-12','2025-03-12','13-Mar','Pmx Tlalmanalco','M','EDUARDO.SANCHEZOR@CEMEX.COM','EDSANCHEZO','Acosta Herrera, Bertha Patricia','811089','Ope','Zw');
INSERT INTO "empleados" VALUES(347,1703594,'Romero Gomez, Ana Gabriela',52,'Por definir','Jefe de Tienda Sr. Promexma','Jefe de Tienda','2020-08-16','2024-09-01','17-May','Pmx Tlalmanalco','F','ana.romero@cemex.com','anromerog','Acosta Herrera, Bertha Patricia','811089','Adm','Ms');
INSERT INTO "empleados" VALUES(348,1747384,'Espinosa Cesma, Julio Cesar',52,'Por definir','Asesor Comercial a','Vendedor Calle','2025-02-23','2025-02-23','20-Nov','Pmx Tlalmanalco','M','JULIO.ESPINOSA@CEMEX.COM','JULIOCESPINS','Acosta Herrera, Bertha Patricia','811089','Adm','Ms');
INSERT INTO "empleados" VALUES(349,1726226,'Andrade Fregoso, Maria Elizabeth',53,'Por definir','Administrador de Ventas','Adve','2022-12-16','2022-12-16','6-Abr','Pmx Morelos','F','mariaelizabeth.andrade@cemex.com','mandradef','Madera Esparza, Elias Emmanuel','810915','Adm','Ms');
INSERT INTO "empleados" VALUES(350,1701074,'Tejeda, Mario',53,'Por definir','Chofer Cargador a','Chofer','2020-03-16','2023-10-09','19-Ene','Pmx Morelos','M','mario.tejeda@cemex.com','mtejeda','Madera Esparza, Elias Emmanuel','810915','Ope','Zw');
INSERT INTO "empleados" VALUES(351,1746952,'Tinoco Hernandez, Urbano',53,'Por definir','Chofer Cargador a','Chofer','2025-01-29','2025-01-29','25-Ago','Pmx Morelos','M','URBANO.TINOCO@CEMEX.COM','UTINOCOH','Madera Esparza, Elias Emmanuel','810915','Ope','Zw');
INSERT INTO "empleados" VALUES(352,1747311,'Garcia de la Cruz, Christian',53,'Por definir','Chofer Cargador a','Chofer','2025-02-14','2025-02-14','22-Jun','Pmx Morelos','M','CHRISTIAN.GARCIA@CEMEX.COM','CHGARCIAD','Madera Esparza, Elias Emmanuel','810915','Ope','Zw');
INSERT INTO "empleados" VALUES(353,1703321,'Orozco Diaz, Agustin',53,'Por definir','Jefe de Tienda sr','Jefe de Tienda','2020-08-16','2020-08-16','24-Oct','Pmx Morelos','M','agustin.orozco@cemex.com','aorozcod','Madera Esparza, Elias Emmanuel','810915','Adm','Ms');
INSERT INTO "empleados" VALUES(354,1700828,'Chavez Vargas, Dulce Rosario',53,'Por definir','Asesor Comercial b','Vendedor Calle','2020-03-16','2020-03-16','18-Nov','Pmx Morelos','F','dulcerosario.chavezv@cemex.com','dchavezv','Madera Esparza, Elias Emmanuel','810915','Adm','Ms');
INSERT INTO "empleados" VALUES(355,1746768,'Moya Gonzalez, Raymundo',53,'Por definir','Asesor Comercial b','Vendedor Calle','2025-02-01','2025-02-01','16-May','Pmx Morelos','M','RAYMUNDO.MOYA@CEMEX.COM','RYMOYA','Madera Esparza, Elias Emmanuel','810915','Adm','Ms');
INSERT INTO "empleados" VALUES(356,1748233,'Paredes Hernandez, Yonathan',54,'Por definir','Administrador de Ventas','Adve','2025-04-07','2025-04-07','19-Oct','Pmx Tlaxcala','M','YONATHAN.PAREDES@CEMEX.COM','YPAREDESH','Ochoa Barragan, Valeria Jackeline','810803','Adm','Ms');
INSERT INTO "empleados" VALUES(357,165062,'Briones Gonzalez, Angel',54,'Por definir','Cargador b','Cargador','2020-08-17','2020-08-17','30-Jul','Pmx Tlaxcala','M','angel.briones@cemex.com','anbriones','Ochoa Barragan, Valeria Jackeline','810803','Ope','Zw');
INSERT INTO "empleados" VALUES(358,1704325,'Cuatecontzi Ramirez, Pedro',54,'Por definir','Chofer Cargador b','Chofer','2020-08-17','2020-08-17','22-Sep','Pmx Tlaxcala','M','pedro.cuatecontzi@cemex.com','pcuatecont','Ochoa Barragan, Valeria Jackeline','810803','Ope','Zw');
INSERT INTO "empleados" VALUES(359,199480,'Morales Vicenteño, Miguel',54,'Por definir','Chofer Cargador b','Chofer','2013-01-01','2022-08-01','13-Sep','Pmx Tlaxcala','M','MIGUEL.MORALESV@CEMEX.COM','MGLMORALES','Ochoa Barragan, Valeria Jackeline','810803','Ope','Zw');
INSERT INTO "empleados" VALUES(360,1743834,'Soriano Hernandez, Karol Sheccid',55,'Por definir','Administrador de Ventas','Adve','2024-09-07','2024-09-07','20-Mar','Pmx Toluca','F','KAROL.SORIANO@CEMEX.COM','KSSORIANO','Soto Rojas, Yaricsi Veronica','810804','Adm','Ms');
INSERT INTO "empleados" VALUES(361,1703678,'Cabrera Orozco, Emisael',55,'Por definir','Cargador a','Cargador','2024-02-22','2020-08-31','20-Abr','Pmx Toluca','M','','','Soto Rojas, Yaricsi Veronica','810804','Ope','Zw');
INSERT INTO "empleados" VALUES(362,1704290,'Rosano Prudente, Erik',55,'Por definir','Cargador a','Cargador','2020-08-17','2020-08-17','2-Sep','Pmx Toluca','M','','EROSANO','Soto Rojas, Yaricsi Veronica','810804','Ope','Zw');
INSERT INTO "empleados" VALUES(363,1704288,'Nuñez Guzman, Omar Yazer',55,'Por definir','Chofer Cargador a','Chofer','2020-08-17','2020-08-17','21-Nov','Pmx Toluca','M','','onunezg','Soto Rojas, Yaricsi Veronica','810804','Ope','Zw');
INSERT INTO "empleados" VALUES(364,1704289,'Santin Gonzalez, Secundino',55,'Por definir','Chofer Cargador a','Chofer','2020-08-17','2020-08-17','29-Abr','Pmx Toluca','M','','ssantin','Soto Rojas, Yaricsi Veronica','810804','Ope','Zw');
INSERT INTO "empleados" VALUES(365,1704292,'Bernal Dotor, j. Trinidad',55,'Por definir','Chofer Cargador a','Chofer','2020-08-31','2020-08-31','10-Jun','Pmx Toluca','M','','jbernald','Soto Rojas, Yaricsi Veronica','810804','Ope','Zw');
INSERT INTO "empleados" VALUES(366,1703931,'Diaz Salgado, Victor',55,'Por definir','Gerente de Tienda sr','Gerente de Tienda','2020-08-16','2023-09-01','14-Ene','Pmx Toluca','M','victor.diazs@cemex.com','victordiaz','Soto Rojas, Yaricsi Veronica','810804','Tyo','Mc');
INSERT INTO "empleados" VALUES(367,1716827,'Cardenas Sandria, Karen Lucia',55,'Por definir','Asesor Comercial b','Vendedor Calle','2021-12-01','2022-10-01','13-Dic','Pmx Toluca','F','karenlucia.cardenas@cemex.com','kcardenas','Soto Rojas, Yaricsi Veronica','810804','Adm','Ms');
INSERT INTO "empleados" VALUES(368,1717047,'Muñoz Ramirez, Gerardo',56,'Por definir','Administrador de Ventas','Adve','2021-12-16','2021-12-16','17-Feb','Pmx Tonala','M','gerardo.munoz@cemex.com','gmunozr','Orozco Lagunas, Berenice','810911','Adm','Ms');
INSERT INTO "empleados" VALUES(369,1703971,'Vera Gonzalez, Oscar Alexis',56,'Por definir','Cargador b','Cargador','2020-08-17','2020-08-17','26-Ene','Pmx Tonala','M','OSCARALEXIS.VERA@CEMEX.COM','OSCRLXVERA','Orozco Lagunas, Berenice','810911','Ope','Zw');
INSERT INTO "empleados" VALUES(370,1734824,'Gutierrez Caballero, Esward li',56,'Por definir','Cargador b','Cargador','2023-09-28','2023-09-28','7-Jul','Pmx Tonala','M','ESWARDLI.GUTIERREZ@CEMEX.COM','ESGUTIERREZ','Orozco Lagunas, Berenice','810911','Ope','Zw');
INSERT INTO "empleados" VALUES(371,1703959,'de la Cruz Robles, Herling',56,'Por definir','Chofer Cargador b','Chofer','2020-08-17','2020-08-17','25-Nov','Pmx Tonala','M','herling.delacruz@cemex.com','hdelacruzr','Orozco Lagunas, Berenice','810911','Ope','Zw');
INSERT INTO "empleados" VALUES(372,1703967,'Cigarroa Rosales, Luis Enrique',56,'Por definir','Chofer Cargador b','Chofer','2020-08-17','2020-08-17','7-Jun','Pmx Tonala','M','luisenrique.cigarroa@cemex.com','lcigarroa','Orozco Lagunas, Berenice','810911','Ope','Zw');
INSERT INTO "empleados" VALUES(373,1703968,'Ovando Hernandez, Alexis',56,'Por definir','Chofer Cargador b','Chofer','2020-08-17','2020-08-17','10-Oct','Pmx Tonala','M','alexis.ovando@cemex.com','aovandoh','Orozco Lagunas, Berenice','810911','Ope','Zw');
INSERT INTO "empleados" VALUES(374,1705555,'Niño de la Torre, Juan Alonso',56,'Por definir','Jefe de Tienda sr','Jefe de Tienda','2020-09-16','2023-01-01','26-Sep','Pmx Tonala','M','juanalonso.nino@cemex.com','jnlnsnino','Orozco Lagunas, Berenice','810911','Adm','Ms');
INSERT INTO "empleados" VALUES(375,1700761,'Santos Chavez, Antonio de Jesus',56,'Por definir','Asesor Comercial a','Vendedor Calle','2020-03-16','2020-09-01','7-May','Pmx Tonala','M','antoniodejesus.santos@cemex.com','asantosc','Orozco Lagunas, Berenice','810911','Adm','Ms');
INSERT INTO "empleados" VALUES(376,1726205,'Ortiz Martinez, Javier',57,'Por definir','Administrador de Ventas','Adve','2022-12-16','2022-12-16','23-Jun','Pmx Torreon','M','javier.ortizm@cemex.com','jvortiz','Gomez Vasquez, Brenda Pamela','810707','Adm','Ms');
INSERT INTO "empleados" VALUES(377,1700971,'Covarrubias Gonzalez, Jose Guadalupe',57,'Por definir','Chofer','Chofer','2020-03-16','2020-03-16','12-Dic','Pmx Torreon','M','JOSE.COVARRUBIAS@CEMEX.COM','JGCOVARRUBS','Gomez Vasquez, Brenda Pamela','810707','Ope','Zw');
INSERT INTO "empleados" VALUES(378,1701073,'Rodriguez Adame, Mario',57,'Por definir','Chofer Cargador','Chofer','2020-03-16','2021-02-01','15-Sep','Pmx Torreon','M','MARIO.RODRIGUEZA@CEMEX.COM','MARIORDR','Gomez Vasquez, Brenda Pamela','810707','Ope','Zw');
INSERT INTO "empleados" VALUES(379,1419085,'Flores Aguirre, Ricardo Tadeo',57,'Por definir','Gerente de Tienda sr','Gerente de Tienda','2016-09-16','2016-09-16','4-May','Pmx Torreon','M','ricardotadeo.flores@cemex.com','rfloresgr','Gomez Vasquez, Brenda Pamela','810707','Tyo','Mc');
INSERT INTO "empleados" VALUES(380,1701124,'Lopez Leija, Perla Marina',57,'Por definir','Asesor Comercial a','Vendedor Calle','2020-03-16','2022-12-01','26-Dic','Pmx Torreon','F','perlamarina.lopez@cemex.com','prlopezl','Gomez Vasquez, Brenda Pamela','810707','Adm','Ms');
INSERT INTO "empleados" VALUES(381,1729376,'Garcia Garcia, Eder Emmanuel',58,'Por definir','Cargador a','Cargador','2023-05-02','2023-05-02','9-Feb','Pmx Tula','M','ederemmanuel.garcia@cemex.com','edrgarciag','Peña Marcos, Luisa Fabiana','810605','Ope','Zw');
INSERT INTO "empleados" VALUES(382,148675,'Angeles Hernandez, Silvestre',58,'Por definir','Chofer Cargador b','Chofer','2020-08-17','2020-08-17','31-Dic','Pmx Tula','M','','slangeles','Peña Marcos, Luisa Fabiana','810605','Ope','Zw');
INSERT INTO "empleados" VALUES(383,1717261,'Hernandez Duran, Placido',58,'Por definir','Chofer Cargador b','Chofer','2021-12-17','2021-12-17','5-Oct','Pmx Tula','M','','plhernandezd','Peña Marcos, Luisa Fabiana','810605','Ope','Zw');
INSERT INTO "empleados" VALUES(384,191405,'Hernandez Hernandez, Pedro',58,'Por definir','Chofer Cargador b','Chofer','2013-01-01','2022-08-01','23-Feb','Pmx Tula','M','','phernandezh','Peña Marcos, Luisa Fabiana','810605','Ope','Zw');
INSERT INTO "empleados" VALUES(385,199603,'Angeles Lopez, Maria Eulalia',58,'Por definir','Gerente de Tienda','Gerente de Tienda','1997-10-20','1997-10-20','12-Feb','Pmx Tula','F','mariaeulalia.angeles@cemex.com','meangeles','Peña Marcos, Luisa Fabiana','810605','Tyo','Mc');
INSERT INTO "empleados" VALUES(386,1703123,'Villeda Banda, Alicia',58,'Por definir','Asesor Comercial a','Vendedor Calle','2020-08-16','2020-08-16','5-May','Pmx Tula','F','alicia.villeda@cemex.com','avilleda','Peña Marcos, Luisa Fabiana','810605','Adm','Ms');
INSERT INTO "empleados" VALUES(387,1736598,'Reyes Roldan, Jose Luis',58,'Por definir','Asesor Comercial a','Vendedor Calle','2023-12-16','2023-12-16','6-Sep','Pmx Tula','M','JOSEL.REYESR@CEMEX.COM','JLREYESR','Peña Marcos, Luisa Fabiana','810605','Adm','Ms');
INSERT INTO "empleados" VALUES(388,1005328,'Pavia Amador, Maria Margarita',59,'Por definir','Administrador de Ventas','Adve','2014-02-01','2014-02-01','20-Dic','Pmx Tultitlan','F','mariamargarita.pavia@cemex.com','mmpavia','Acosta Herrera, Bertha Patricia','810608','Adm','Ms');
INSERT INTO "empleados" VALUES(389,1713197,'Sanchez Lara, Cesar Gerardo',59,'Por definir','Auxiliar de Almacen Promexma','Almacenista','2021-07-13','2022-07-18','16-May','Pmx Tultitlan','M','','cssanchezl','Acosta Herrera, Bertha Patricia','810608','Ope','Zw');
INSERT INTO "empleados" VALUES(390,1709031,'Rivas Garduño, Gerardo',59,'Por definir','Chofer Cargador a','Chofer','2021-03-10','2021-12-06','11-Ago','Pmx Tultitlan','M','','grivasg','Acosta Herrera, Bertha Patricia','810608','Ope','Zw');
INSERT INTO "empleados" VALUES(391,1740031,'Anaya Alfaro, Juan Carlos',59,'Por definir','Chofer Cargador a','Chofer','2024-04-23','2024-04-23','7-Dic','Pmx Tultitlan','M','JUANC.ANAYAA@CEMEX.COM','JCANAYA','Acosta Herrera, Bertha Patricia','810608','Ope','Zw');
INSERT INTO "empleados" VALUES(392,1703592,'Tovar Nieto, Matias Eduardo',59,'Por definir','Gerente de Tienda sr','Gerente de Tienda','2020-08-16','2022-09-01','26-Mar','Pmx Tultitlan','M','matias.tovar@cemex.com','mtovarn','Acosta Herrera, Bertha Patricia','810608','Adm','Ms');
INSERT INTO "empleados" VALUES(393,1700762,'Espinoza Espinoza, Antonio',59,'Por definir','Asesor Comercial b','Vendedor Calle','2020-03-16','2020-03-16','10-Jul','Pmx Tultitlan','M','antonio.espinozae@cemex.com','anespinoza','Acosta Herrera, Bertha Patricia','810608','Adm','Ms');
INSERT INTO "empleados" VALUES(394,1703331,'Gonzalez Ruiz, Jessica Guadalupe',60,'Por definir','Administrador de Ventas','Adve','2020-08-16','2020-08-16','26-Mar','Pmx Tuxpan','F','jessicaguadalupe.gonzalezruiz@cemex.com','jssgonzalezr','Moreno Vitales, Manuel Alejandro','810753','Adm','Ms');
INSERT INTO "empleados" VALUES(395,1745083,'Carranza de la Rosa, Sergio Alejandro',60,'Por definir','Cargador a','Cargador','2024-10-23','2024-10-23','13-Nov','Pmx Tuxpan','M','SERGIO.CARRANZA@CEMEX.COM','SACARRANZA','Moreno Vitales, Manuel Alejandro','810753','Ope','Zw');
INSERT INTO "empleados" VALUES(396,1745231,'Gonzalez Ruiz, Irving Nicolas',60,'Por definir','Cargador a','Cargador','2024-10-30','2024-10-30','19-Nov','Pmx Tuxpan','M','IRVING.GONZALEZ@CEMEX.COM','INGONZALEZR','Moreno Vitales, Manuel Alejandro','810753','Ope','Zw');
INSERT INTO "empleados" VALUES(397,1703328,'Blanco Luna, Jaime',60,'Por definir','Chofer Cargador a','Chofer','2020-08-17','2020-08-17','30-Abr','Pmx Tuxpan','M','jaime.blanco@cemex.com','jmblancol','Moreno Vitales, Manuel Alejandro','810753','Ope','Zw');
INSERT INTO "empleados" VALUES(398,1703332,'Olague Ambriz, Josue Ramon',60,'Por definir','Chofer Cargador a','Chofer','2020-08-17','2020-08-17','21-Ago','Pmx Tuxpan','M','josueramon.olague@cemex.com','jolaguea','Moreno Vitales, Manuel Alejandro','810753','Ope','Zw');
INSERT INTO "empleados" VALUES(399,1703334,'Romero Almontes, Roman Alejandro',60,'Por definir','Chofer Cargador a','Chofer','2020-08-17','2022-05-23','11-Dic','Pmx Tuxpan','M','romanalejandro.romero@cemex.com','rmromeroa','Moreno Vitales, Manuel Alejandro','810753','Ope','Zw');
INSERT INTO "empleados" VALUES(400,1743957,'Alanis Reyes, Luis Enrique',60,'Por definir','Chofer Cargador a','Chofer','2024-09-04','2024-09-04','10-Sep','Pmx Tuxpan','M','LUIS.ALANIS@CEMEX.COM','LEALANIS','Moreno Vitales, Manuel Alejandro','810753','Ope','Zw');
INSERT INTO "empleados" VALUES(401,1746085,'Arenas Sandoval, Karen Yohana',60,'Por definir','Jefe de Tienda Sr.','Jefe de Tienda Sr.','2024-12-16','2024-12-16','27-Dic','Pmx Tuxpan','F','KAREN.ARENAS@CEMEX.COM','KARENYARENAS','Moreno Vitales, Manuel Alejandro','810753','Adm','Ms');
INSERT INTO "empleados" VALUES(402,198907,'Fausto Sanchez, Martin',60,'Por definir','Asesor Comercial a','Vendedor Calle','2020-08-16','2020-08-16','27-Sep','Pmx Tuxpan','M','martin.faustosanchez@cemex.com','mfaustos','Moreno Vitales, Manuel Alejandro','810753','Adm','Ms');
INSERT INTO "empleados" VALUES(403,1747294,'Perez Lopez, Lizeth Monserrat',61,'Por definir','Administrador de Ventas','Adve','2025-03-01','2025-03-01','9-Feb','Pmx Tuxtepec','F','LIZETH.PEREZ@CEMEX.COM','LMPEREZL','Varela Lopez, Francisco Antonio','810962','Adm','Ms');
INSERT INTO "empleados" VALUES(404,1712586,'Betanzos Ambrosio, Edgar',61,'Por definir','Cargador','Cargador','2021-07-19','2024-05-06','3-Jul','Pmx Tuxtepec','M','edgar.betanzos@cemex.com','ebetanzos','Varela Lopez, Francisco Antonio','810962','Ope','Zw');
INSERT INTO "empleados" VALUES(405,1744164,'Miguel Regules, Jose Manuel',61,'Por definir','Cargador','Cargador','2024-09-09','2024-09-09','15-Jun','Pmx Tuxtepec','M','JOSE.MIGUEL@CEMEX.COM','JMMIGUELR','Varela Lopez, Francisco Antonio','810962','Ope','Zw');
INSERT INTO "empleados" VALUES(406,1707244,'Gregorio Romualdo, Ismael',61,'Por definir','Chofer','Chofer','2020-11-27','2023-10-09','10-Jul','Pmx Tuxtepec','M','','igregorio','Varela Lopez, Francisco Antonio','810962','Ope','Zw');
INSERT INTO "empleados" VALUES(407,1700934,'Carrera Cruz, Joan Eduardo',61,'Por definir','Asesor Comercial Administrador','Vendedor Calle','2020-03-16','2020-03-16','26-Feb','Pmx Tuxtepec','M','joaneduardo.carrera@cemex.com','jcarrerac','Varela Lopez, Francisco Antonio','810962','Adm','Ms');
INSERT INTO "empleados" VALUES(408,1732597,'Estrada Sanchez, Maximiliano',62,'Por definir','Administrador de Ventas','Adve','2023-08-01','2023-08-01','5-Jun','Pmx Tuxtla Gutierrez','M','maximiliano.estrada@cemex.com','mxestrada','Orozco Lagunas, Berenice','810902','Adm','Ms');
INSERT INTO "empleados" VALUES(409,1703775,'Lopez Valencia, Alexis Ariel',62,'Por definir','Cargador b','Cargador','2020-08-17','2020-08-17','9-Mar','Pmx Tuxtla Gutierrez','M','alexisariel.lopez@cemex.com','allopezv','Orozco Lagunas, Berenice','810902','Ope','Zw');
INSERT INTO "empleados" VALUES(410,1703776,'Perez Maza, Gerardo',62,'Por definir','Cargador b','Cargador','2020-08-17','2020-08-17','24-Nov','Pmx Tuxtla Gutierrez','M','gerardo.perezm@cemex.com','grperezm','Orozco Lagunas, Berenice','810902','Ope','Zw');
INSERT INTO "empleados" VALUES(411,1703773,'Palacios Velasquez, Miguel',62,'Por definir','Chofer Cargador b','Chofer','2020-08-17','2020-08-17','7-Ago','Pmx Tuxtla Gutierrez','M','miguel.palacios@cemex.com','mgpalacios','Orozco Lagunas, Berenice','810902','Ope','Zw');
INSERT INTO "empleados" VALUES(412,1703779,'Gomez Sobrino, Roberto',62,'Por definir','Chofer Cargador b','Chofer','2020-08-17','2020-08-17','25-May','Pmx Tuxtla Gutierrez','M','roberto.gomezs@cemex.com','rbgomezs','Orozco Lagunas, Berenice','810902','Ope','Zw');
INSERT INTO "empleados" VALUES(413,1704133,'Cabrera Jimenez, Janeth Del Carmen',62,'Por definir','Jefe de Tienda sr','Jefe de Tienda','2020-08-16','2023-02-01','18-Jul','Pmx Tuxtla Gutierrez','F','janethdelcarmen.cabrerajimenez@cemex.com','jcabreraj','Orozco Lagunas, Berenice','810902','Adm','Ms');
INSERT INTO "empleados" VALUES(414,1703336,'Guzman Rodriguez, Martha Leticia',63,'Por definir','Administrador de Ventas','Adve','2020-08-16','2020-08-16','29-Jul','Pmx Puerto Vallarta','F','marthaleticia.guzmanrodriguez@cemex.com','mrguzmanr','Madera Esparza, Elias Emmanuel','810752','Adm','Ms');
INSERT INTO "empleados" VALUES(415,1716939,'Santana Perez, Karla Jazmin',63,'Por definir','Administrador de Ventas','Adve','2021-12-16','2021-12-16','31-Jul','Pmx Puerto Vallarta','F','karlajazmin.santana@cemex.com','ksantana','Madera Esparza, Elias Emmanuel','810752','Adm','Ms');
INSERT INTO "empleados" VALUES(416,1702034,'Castañeda Guardado, Uziel Jacob',63,'Por definir','Jefe de Almacen','Almacenista','2020-03-16','2020-03-16','28-Dic','Pmx Puerto Vallarta','M','uzieljacob.castaneda@cemex.com','ucastaneda','Madera Esparza, Elias Emmanuel','810752','Adm','Mv');
INSERT INTO "empleados" VALUES(417,1743364,'Bernal Joya, Juan Antonio',63,'Por definir','Chofer Cargador a Promexma','Chofer','2025-03-19','2025-03-19','12-Feb','Pmx Puerto Vallarta','M','JUANA.BERNALJ@CEMEX.COM','JABERNALJ','Madera Esparza, Elias Emmanuel','810752','Ope','Zw');
INSERT INTO "empleados" VALUES(418,1747622,'Landeta Bello, Adrian',63,'Por definir','Chofer Cargador a Promexma','Chofer','2025-02-28','2025-02-28','19-Nov','Pmx Puerto Vallarta','M','ADRIAN.LANDETA@CEMEX.COM','ALANDETAB','Madera Esparza, Elias Emmanuel','810752','Ope','Zw');
INSERT INTO "empleados" VALUES(419,1747976,'Sanchez Vazquez, Fidel',63,'Por definir','Chofer Cargador a Promexma','Chofer','2025-03-19','2025-03-19','23-Mar','Pmx Puerto Vallarta','M','FIDEL.SANCHEZV@CEMEX.COM','FDSANCHEZV','Madera Esparza, Elias Emmanuel','810752','Ope','Zw');
INSERT INTO "empleados" VALUES(420,1748034,'Torres Avalos, Adrian',63,'Por definir','Chofer Cargador a Promexma','Chofer','2025-03-19','2025-03-19','21-Oct','Pmx Puerto Vallarta','M','ADRIAN.TORRESA@CEMEX.COM','ADTORRESA','Madera Esparza, Elias Emmanuel','810752','Ope','Zw');
INSERT INTO "empleados" VALUES(421,1748136,'Macias Diaz, Efrain',63,'Por definir','Chofer Cargador a Promexma','Chofer','2025-03-28','2025-03-28','30-Jul','Pmx Puerto Vallarta','M','EFRAIN.MACIAS@CEMEX.COM','EFMACIAS','Madera Esparza, Elias Emmanuel','810752','Ope','Zw');
INSERT INTO "empleados" VALUES(422,191804,'Anaya Alvarez, Juan',63,'Por definir','Chofer Cargador a Promexma','Chofer','2013-01-01','2022-08-01','7-Sep','Pmx Puerto Vallarta','M','juan.anaya','janaya','Madera Esparza, Elias Emmanuel','810752','Ope','Zw');
INSERT INTO "empleados" VALUES(423,198577,'Cruz Parra, Fabiola Del Rosario',63,'Por definir','Gerente de Tienda sr','Gerente de Tienda','1996-04-16','1996-04-16','23-Abr','Pmx Puerto Vallarta','F','fabioladelrosario.cruz@cemex.com','frcruz','Madera Esparza, Elias Emmanuel','810752','Tyo','Mc');
INSERT INTO "empleados" VALUES(424,1703335,'Mendoza Cobian, Yasmina',63,'Por definir','Asesor Comercial a','Vendedor Calle','2020-08-16','2020-08-16','2-Feb','Pmx Puerto Vallarta','F','yasmina.mendoza@cemex.com','ymendoza','Madera Esparza, Elias Emmanuel','810752','Adm','Ms');
INSERT INTO "empleados" VALUES(425,1703337,'Mesino Abarca, Jesus',63,'Por definir','Asesor Comercial a','Vendedor Calle','2020-08-16','2020-08-16','25-Dic','Pmx Puerto Vallarta','M','jesus.mesino@cemex.com','jmesino','Madera Esparza, Elias Emmanuel','810752','Adm','Ms');
INSERT INTO "empleados" VALUES(426,1706992,'Gamez Zapata, Milagros Dioselin',64,'Por definir','Administrador de Ventas','Adve','2020-11-01','2020-11-01','18-Feb','Pmx Valles','F','milagrosdioselin.gamez@cemex.com','mgamezz','Alvarez Martinez, Irma Acacia','811004','Adm','Ms');
INSERT INTO "empleados" VALUES(427,1701127,'Ramirez Vargas, Rafael',64,'Por definir','Chofer','Chofer','2020-03-16','2020-03-16','24-Oct','Pmx Valles','M','RAFAEL.RAMIREZV@CEMEX.COM','RFRAMIREZ','Alvarez Martinez, Irma Acacia','811004','Ope','Zw');
INSERT INTO "empleados" VALUES(428,1705916,'Ortiz Martinez, Salvador',64,'Por definir','Chofer Cargador b','Chofer','2020-10-01','2020-10-01','19-Nov','Pmx Valles','M','SALVADOR.ORTIZM@CEMEX.COM','SORTIZM','Alvarez Martinez, Irma Acacia','811004','Ope','Zw');
INSERT INTO "empleados" VALUES(429,1701000,'Sanchez Medina, Juan Antonio',64,'Por definir','Jefe de Tienda sr','Jefe de Tienda','2020-03-16','2023-10-01','17-Feb','Pmx Valles','M','juanantonio.sanchezm@cemex.com','jnnsanchez','Alvarez Martinez, Irma Acacia','811004','Adm','Ms');
INSERT INTO "empleados" VALUES(430,1737635,'Tiburcio Figueroa, Ricardo Abel',65,'Por definir','Administrador de Ventas','Adve','2024-01-23','2024-01-23','24-Nov','Pmx Veracruz','M','RICARDO.TIBURCIO@CEMEX.COM','RATIBURCIO','Ochoa Barragan, Valeria Jackeline','810558','Adm','Ms');
INSERT INTO "empleados" VALUES(431,1734434,'Marquez Lucho, Ramon',65,'Por definir','Cargador a','Cargador','2023-09-18','2023-09-18','25-Ago','Pmx Veracruz','M','RAMON.MARQUEZ@CEMEX.COM','RMARQUEZL','Ochoa Barragan, Valeria Jackeline','810558','Ope','Zw');
INSERT INTO "empleados" VALUES(432,1747408,'Telles Ponce, Henry',65,'Por definir','Cargador a','Cargador','2025-02-14','2025-02-14','21-Sep','Pmx Veracruz','M','HENRY.TELLES@CEMEX.COM','HTELLESP','Ochoa Barragan, Valeria Jackeline','810558','Ope','Zw');
INSERT INTO "empleados" VALUES(433,1748280,'Conde Navarro, Kevyn Yibran',65,'Por definir','Cargador a','Cargador','2025-04-01','2025-04-01','24-Sep','Pmx Veracruz','M','KEVYN.CONDE@CEMEX.COM','KYCONDE','Ochoa Barragan, Valeria Jackeline','810558','Ope','Zw');
INSERT INTO "empleados" VALUES(434,1701231,'Vazquez Morales, Juan Carlos',65,'Por definir','Chofer','Chofer','2020-03-16','2021-01-18','4-Nov','Pmx Veracruz','M','','jnvazquez','Ochoa Barragan, Valeria Jackeline','810558','Ope','Zw');
INSERT INTO "empleados" VALUES(435,1744977,'Garcia Chipuli, Cesar',65,'Por definir','Chofer Cargador a','Chofer','2024-10-16','2024-12-16','29-Oct','Pmx Veracruz','M','','','Ochoa Barragan, Valeria Jackeline','810558','Ope','Zw');
INSERT INTO "empleados" VALUES(436,1704195,'Pulido Villa, Julia Raquel',65,'Por definir','Jefe de Tienda sr','Jefe de Tienda','2020-08-16','2023-02-01','3-Mar','Pmx Veracruz','F','julia.pulido@cemex.com','jpulidov','Ochoa Barragan, Valeria Jackeline','810558','Adm','Ms');
INSERT INTO "empleados" VALUES(437,1701182,'de la Rosa Hernandez, Victor Hugo',65,'Por definir','Asesor Comercial b','Vendedor Calle','2020-03-16','2020-03-16','30-Jul','Pmx Veracruz','M','victorhugo.delarosa@cemex.com','vdelarosa','Ochoa Barragan, Valeria Jackeline','810558','Adm','Ms');
INSERT INTO "empleados" VALUES(438,1740737,'Castañeda Lugo, Irma Andrea',66,'Por definir','Administrador de Ventas','Adve','2024-05-16','2024-05-16','27-Jun','Pmx Veracruz Norte','F','IRMA.CASTANEDA@CEMEX.COM','IACASTANEDA','Alvarez Martinez, Irma Acacia','811010','Adm','Ms');
INSERT INTO "empleados" VALUES(439,1706311,'Lara Balverde, Eduardo',66,'Por definir','Chofer','Chofer','2020-10-01','2020-10-01','26-Jul','Pmx Veracruz Norte','M','eduardo.larab@cemex.com','eduardolara','Alvarez Martinez, Irma Acacia','811010','Ope','Zw');
INSERT INTO "empleados" VALUES(440,1747405,'Macias Rodriguez, Ricardo',66,'Por definir','Chofer','Chofer','2025-02-24','2025-02-24','16-Ago','Pmx Veracruz Norte','M','RICARDO.MACIASR@CEMEX.COM','RMACIASR','Alvarez Martinez, Irma Acacia','811010','Ope','Zw');
INSERT INTO "empleados" VALUES(441,1006377,'Maldonado Esparza, Francisco Manuel',66,'Por definir','Gerente de Tienda sr','Gerente de Tienda','2017-12-01','2017-12-01','29-Nov','Bodega el Prieto','M','franciscomanuel.maldonado@cemex.com','fmaldonadosp','Alvarez Martinez, Irma Acacia','811010','Tyo','Mc');
INSERT INTO "empleados" VALUES(442,1703372,'Flores Zavaleta, Carolina Soledad',67,'Por definir','Administrador de Ventas','Adve','2020-08-16','2020-08-16','16-Nov','Pmx Viguera','F','carolinasoledad.floreszavaleta@cemex.com','crfloresz','Campos Cordova, Astrid Anabelle','810959','Adm','Ms');
INSERT INTO "empleados" VALUES(443,167208,'Platas Ruiz, Jose Juan',67,'Por definir','Jefe de Almacen','Almacenista','2013-01-01','2013-01-01','21-Jul','Pmx Viguera','M','josejuan.platasr@cemex.com','jjplatasr','Campos Cordova, Astrid Anabelle','810959','Adm','Mv');
INSERT INTO "empleados" VALUES(444,1745368,'Alberto Canseco, Andres',67,'Por definir','Cargador b','Cargador','2024-11-01','2024-11-01','1-Ene','Pmx Viguera','M','ANDRES.ALBERTO@CEMEX.COM','AALBERTOC','Campos Cordova, Astrid Anabelle','810959','Ope','Zw');
INSERT INTO "empleados" VALUES(445,1748727,'Garnica Juarez, Angel Arcadio',67,'Por definir','Cargador b','Cargador','2025-04-30','2025-04-30','2-Ago','Pmx Viguera','M','ANGEL.GARNICA@CEMEX.COM','AAGARNICA','Campos Cordova, Astrid Anabelle','810959','Ope','Zw');
INSERT INTO "empleados" VALUES(446,1704020,'Ramirez Lopez, David',67,'Por definir','Chofer Cargador b','Chofer','2020-08-17','2020-08-17','4-Jul','Pmx Viguera','M','','dvramirezl','Campos Cordova, Astrid Anabelle','810959','Ope','Zw');
INSERT INTO "empleados" VALUES(447,1735875,'Cruz Castellanos, Mario Abbiel',67,'Por definir','Chofer Cargador b','Chofer','2023-10-31','2023-10-31','13-Ene','Pmx Viguera','M','MARIO.CRUZ@CEMEX.COM','MARIOACRUZ','Campos Cordova, Astrid Anabelle','810959','Ope','Zw');
INSERT INTO "empleados" VALUES(448,1741704,'Hernandez Gomez, Mario',67,'Por definir','Chofer Cargador b','Chofer','2024-06-14','2024-06-14','23-Ago','Pmx Viguera','M','MARIO.HERNANDEZGM@CEMEX.COM','MARIOHRNN','Campos Cordova, Astrid Anabelle','810959','Ope','Zw');
INSERT INTO "empleados" VALUES(449,198800,'Cuevas Victoria, Jorge',67,'Por definir','Gerente de Tienda sr','Gerente de Tienda','2001-10-18','2001-10-18','23-Abr','Pmx Viguera','M','jorge.cuevas@cemex.com','jcuevas','Campos Cordova, Astrid Anabelle','810959','Tyo','Mc');
INSERT INTO "empleados" VALUES(450,1738298,'Dominguez Espinoza, Eduardo',67,'Por definir','Asesor Comercial a','Vendedor Calle','2024-02-16','2024-02-16','3-Mar','Pmx Viguera','M','EDUARDO.DOMINGUEZE@CEMEX.COM','EDOMINGUEZE','Campos Cordova, Astrid Anabelle','810959','Adm','Ms');
INSERT INTO "empleados" VALUES(451,1741728,'Soto Guzman, Julio Cesar',67,'Por definir','Asesor Comercial a','Vendedor Calle','2024-06-23','2024-06-23','8-Feb','Pmx Viguera','M','JULIO.SOTO@CEMEX.COM','JCSOTOG','Campos Cordova, Astrid Anabelle','810959','Adm','Ms');
INSERT INTO "empleados" VALUES(452,1715562,'Morales Jimenez, Rosa Esther',67,'Por definir','Vendedor de Mostrador','Vendedor Mostrador','2021-10-01','2022-02-01','1-Jun','Pmx Viguera','F','rosa.morales@cemex.com','remorales','Campos Cordova, Astrid Anabelle','810959','Adm','Ms');
INSERT INTO "empleados" VALUES(453,1401915,'Cristobal Garcia, Dulce Maria',68,'Por definir','Administrador de Ventas','Adve','2013-04-16','2013-04-16','10-Nov','Pmx Villahermosa','F','dulcemaria.cristobal@cemex.com','dcristobal','Vazquez Quintero, Christian','810551','Adm','Ms');
INSERT INTO "empleados" VALUES(454,1700817,'Balan Hernandez, Dayna Del Carmen',68,'Por definir','Jefe de Almacen','Almacenista','2020-03-16','2020-03-16','8-Jun','Pmx Villahermosa','F','daynadelcarmen.balan@cemex.com','dbalan','Vazquez Quintero, Christian','810551','Adm','Ms');
INSERT INTO "empleados" VALUES(455,1701159,'Jimenez Mendez, Santana',68,'Por definir','Cargador','Cargador','2020-03-16','2020-03-16','25-Jul','Pmx Villahermosa','M','','SNJIMENEZM','Vazquez Quintero, Christian','810551','Ope','Zw');
INSERT INTO "empleados" VALUES(456,1740865,'Osorio Perez, Samuel',68,'Por definir','Cargador','Cargador','2024-05-20','2024-05-20','2-Nov','Pmx Villahermosa','M','','SOSORIOP','Vazquez Quintero, Christian','810551','Ope','Zw');
INSERT INTO "empleados" VALUES(457,1746680,'Jimenez Gomez, Miguel Angel',68,'Por definir','Cargador','Cargador','2025-01-13','2025-01-13','7-Abr','Pmx Villahermosa','M','MIGUELA.JIMENEZG@CEMEX.COM','MAJIMENEZG','Vazquez Quintero, Christian','810551','Ope','Zw');
INSERT INTO "empleados" VALUES(458,1703212,'Contreras Rivera, Pedro Alberto',68,'Por definir','Chofer Cargador a','Chofer','2020-08-17','2020-08-17','9-May','Pmx Villahermosa','M','','PCONTRERASR','Vazquez Quintero, Christian','810551','Ope','Zw');
INSERT INTO "empleados" VALUES(459,1731914,'Sanchez San Sebastian, Oscar Gilberto',68,'Por definir','Chofer Cargador a','Chofer','2023-07-03','2023-12-18','15-Sep','Pmx Villahermosa','M','oscargilberto.sanchez@cemex.com','oscsanchez','Vazquez Quintero, Christian','810551','Ope','Zw');
INSERT INTO "empleados" VALUES(460,199266,'Ballina Brito, Gonzalo',68,'Por definir','Chofer Cargador','Chofer','2013-01-01','2022-08-01','10-Ene','Pmx Villahermosa','M','gonzalo.ballina','gballina','Vazquez Quintero, Christian','810551','Ope','Zw');
INSERT INTO "empleados" VALUES(461,1415040,'Carrera Anlehu, Jorge Luis',68,'Por definir','Gerente de Tienda sr','Gerente de Tienda','2015-11-16','2019-11-01','1-Nov','Pmx Villahermosa','M','jorgeluis.carrera@cemex.com','jcarrera','Vazquez Quintero, Christian','810551','Tyo','Mc');
INSERT INTO "empleados" VALUES(462,1745906,'Garcia de la Cruz, Oscar Arturo',68,'Por definir','Asesor Comercial a','Vendedor Calle','2024-12-16','2024-12-16','8-Jul','Pmx Villahermosa','M','OSCARA.GARCIAD@CEMEX.COM','OAGARCIAD','Vazquez Quintero, Christian','810551','Adm','Ms');
INSERT INTO "empleados" VALUES(463,1719295,'Rivera Luna, Fabiola',69,'Por definir','Administrador de Ventas','Adve','2022-04-01','2022-04-01','9-Nov','Pmx Jalapa','F','fabiola.luna@cemex.com','frluna','Ochoa Barragan, Valeria Jackeline','810556','Adm','Ms');
INSERT INTO "empleados" VALUES(464,1701225,'Tlapa Fuentes, Jose Eleazar',69,'Por definir','Cargador','Cargador','2020-03-16','2020-03-16','23-Ago','Pmx Jalapa','M','','jtlapaf','Ochoa Barragan, Valeria Jackeline','810556','Ope','Zw');
INSERT INTO "empleados" VALUES(465,1702712,'Delfin Rausauri, Heriberto',69,'Por definir','Cargador','Cargador','2020-07-01','2020-07-01','6-Jun','Pmx Jalapa','M','','hdelfin','Ochoa Barragan, Valeria Jackeline','810556','Ope','Zw');
INSERT INTO "empleados" VALUES(466,1704166,'Gonzalez Vargas, Miguel',69,'Por definir','Cargador b','Cargador','2020-08-17','2020-08-17','29-Sep','Pmx Jalapa','M','MIGUEL.GONZALEZV@CEMEX.COM','MGLGONZALEZV','Ochoa Barragan, Valeria Jackeline','810556','Ope','Zw');
INSERT INTO "empleados" VALUES(467,1701243,'Alarcon Boquiño, Rafael',69,'Por definir','Chofer Cargador','Chofer','2020-03-16','2020-03-16','29-Mar','Pmx Jalapa','M','','ralarconb','Ochoa Barragan, Valeria Jackeline','810556','Ope','Zw');
INSERT INTO "empleados" VALUES(468,1704167,'Duran Gabriel, Andres',69,'Por definir','Chofer Cargador b','Chofer','2020-08-17','2020-08-17','26-Sep','Pmx Jalapa','M','','adurang','Ochoa Barragan, Valeria Jackeline','810556','Ope','Zw');
INSERT INTO "empleados" VALUES(469,164492,'Salas Martinez, Martin Gabriel',69,'Por definir','Gerente de Tienda','Gerente de Tienda','2009-04-16','2009-04-16','7-Ene','Pmx Jalapa','M','martingabriel.salas@cemex.com','mgsalas','Ochoa Barragan, Valeria Jackeline','810556','Tyo','Mc');
INSERT INTO "empleados" VALUES(470,1747730,'Salazar Castañeda, Jose Manuel',69,'Por definir','Asesor Comercial a','Vendedor Calle','2025-03-16','2025-03-16','28-Nov','Pmx Jalapa','M','JOSEM.SALAZAR@CEMEX.COM','JOSEMSALAZAR','Ochoa Barragan, Valeria Jackeline','810556','Adm','Ms');
CREATE TABLE sucursales (
        id INTEGER PRIMARY KEY,
        nombre TEXT NOT NULL,
        manager TEXT NOT NULL,
        zona TEXT NOT NULL,
        gerencia TEXT,
        region TEXT,
        pdv TEXT,
        ubicacion_pdv TEXT
    );
INSERT INTO "sucursales" VALUES(1,'Pmx Acapulco','Gutierrez Maldonado, Christian','Centro','Gerencia de Zona Promexma','Construrama Promexma','E399','Acapulco');
INSERT INTO "sucursales" VALUES(2,'Pmx Aguascalientes Siglo Xxi','Pano Magaña, Valeria','Noreste','Gerencia Regional Promexma','Construrama Promexma','E329','Aguascalientes');
INSERT INTO "sucursales" VALUES(3,'Pmx Atizapan','Romero Dominguez, Rocio Sarai','Metro','Gerencia Regional Promexma','Construrama Promexma','E982','Atizapan');
INSERT INTO "sucursales" VALUES(4,'Pmx Campeche','Quijano Cabrera, Edgardo Arturo','Peninsula','Gerencia de Zona Promexma','Construrama Promexma','E305','Campeche');
INSERT INTO "sucursales" VALUES(5,'Pmx Cancun','Mora Valencia, Salvador Ismael','Peninsula','Gerencia de Zona Promexma','Construrama Promexma','E301','Cancun');
INSERT INTO "sucursales" VALUES(6,'Pmx Cancun','Sonda Canul, Roger','Peninsula','Gerencia de Zona Promexma','Construrama Promexma','E409','Cancún Operador lo');
INSERT INTO "sucursales" VALUES(7,'Pmx Cd. Del Carmen','Espinoza Mendoza, Ricardo Javier','Peninsula','Gerencia de Zona Promexma','Construrama Promexma','E302','Cd. Del Carmen');
INSERT INTO "sucursales" VALUES(8,'Pmx Cd. Guzman','Por asignar','Pacifico','Gerencia Regional Promexma','Construrama Promexma','E336','Cd. Guzman');
INSERT INTO "sucursales" VALUES(9,'Pmx Chetumal','Pino Azarcoya, Luz Angelica','Peninsula','Gerencia de Zona Promexma','Construrama Promexma','E304','Chetumal');
INSERT INTO "sucursales" VALUES(10,'Pmx Chimalhuacan','Por asignar','Metro','Gerencia Regional Promexma','Construrama Promexma','E392','Chimalhuacan');
INSERT INTO "sucursales" VALUES(11,'Pmx Chipilo','Diaz Covarrubias, Oscar Gabriel','Oaxaca Sur','Gerencia Regional Promexma','Construrama Promexma','E350','Chipilo');
INSERT INTO "sucursales" VALUES(12,'Pmx Minatitlan','Por asignar','Ver','Gerencia Regional Promexma','Construrama Promexma','E312','Coatzacoalcos');
INSERT INTO "sucursales" VALUES(13,'Pmx Comitan','Lopez Gomez, Jose Abraham','Chiapas','Gerencia Regional Promexma','Construrama Promexma','E357','Comitan');
INSERT INTO "sucursales" VALUES(14,'Pmx Irapuato','Avendaño Barraza, Luz Del Rayo','Noreste','Gerencia Regional Promexma','Construrama Promexma','E958','Irapuato');
INSERT INTO "sucursales" VALUES(15,'Pmx Ixtapa Zihuatanejo','Keymurth Alanis, Evelyn Magali','Centro','Gerencia de Zona Promexma','Construrama Promexma','E348','Ixtapa Zihuatanejo');
INSERT INTO "sucursales" VALUES(16,'Pmx Ixtapaluca','Flores Parra, Reina','Metro','Gerencia Regional Promexma','Construrama Promexma','E397','Ixtapaluca');
INSERT INTO "sucursales" VALUES(17,'Pmx Izcalli','Rivas Arguijo, Salvador','Metro','Gerencia Regional Promexma','Construrama Promexma','E323','Izcalli');
INSERT INTO "sucursales" VALUES(18,'Pmx Juarez','Por asignar','Noreste','Gerencia Regional Promexma','Construrama Promexma','E412','Juarez');
INSERT INTO "sucursales" VALUES(19,'Pmx Juchitan','Por asignar','Oaxaca Sur','Gerencia Regional Promexma','Construrama Promexma','E358','Juchitan');
INSERT INTO "sucursales" VALUES(20,'Pmx Leon','Por asignar','Noreste','Gerencia Regional Promexma','Construrama Promexma','E328','Leon');
INSERT INTO "sucursales" VALUES(21,'Pmx Mazatlan','Por asignar','Pacifico','Gerencia Regional Promexma','Construrama Promexma','E389','Mazatlan');
INSERT INTO "sucursales" VALUES(22,'Pmx Merida','Villalobos Azcorra, Alejandro Javier','Peninsula','Gerencia de Zona Promexma','Construrama Promexma','E300','Merida');
INSERT INTO "sucursales" VALUES(23,'Pmx Merida ii','Diaz Soberanis, Carlos','Peninsula','Gerencia de Zona Promexma','Construrama Promexma','E376','Merida 2');
INSERT INTO "sucursales" VALUES(24,'Pmx Mexicali','Rios Peraza, Gerardo','Pacifico','Gerencia Regional Promexma','Construrama Promexma','E964','Mexicali');
INSERT INTO "sucursales" VALUES(25,'Pmx Miahuatlan 2','Garcia Mijangos, Carlos Alberto','Oaxaca Sur','Gerencia Regional Promexma','Construrama Promexma','E955','Miahuatlan');
INSERT INTO "sucursales" VALUES(26,'Pmx Milpa Alta','Por asignar','Metro','Gerencia Regional Promexma','Construrama Promexma','E426','Milpa Alta');
INSERT INTO "sucursales" VALUES(27,'Pmx Oaxaca','Por asignar','Oaxaca Sur','Gerencia Regional Promexma','Construrama Promexma','E363','Oaxaca');
INSERT INTO "sucursales" VALUES(28,'Pmx Ocosingo','Por asignar','Chiapas','Gerencia Regional Promexma','Construrama Promexma','E953','Ocosingo');
INSERT INTO "sucursales" VALUES(29,'Pmx Ometepec','Hilario Garcia, Jeronimo','Centro','Gerencia de Zona Promexma','Construrama Promexma','E428','Ometepec');
INSERT INTO "sucursales" VALUES(30,'Pmx Orizaba','Por asignar','Ver','Gerencia Regional Promexma','Construrama Promexma','E308','Orizaba');
INSERT INTO "sucursales" VALUES(31,'Pmx Pachuca','Por asignar','Centro','Gerencia de Zona Promexma','Construrama Promexma','E325','Pachuca');
INSERT INTO "sucursales" VALUES(32,'Pmx Palenque','Godinez Liy, Victor Irving','Chiapas','Gerencia Regional Promexma','Construrama Promexma','E354','Palenque');
INSERT INTO "sucursales" VALUES(33,'Pmx Playa Del Carmen','Por asignar','Peninsula','Gerencia de Zona Promexma','Construrama Promexma','E306','Playa Del Carmen');
INSERT INTO "sucursales" VALUES(34,'Pmx Puruandiro','Zapien Serrano, Haydee Verenice','Centro','Gerencia de Zona Promexma','Construrama Promexma','E946','Puruandiro');
INSERT INTO "sucursales" VALUES(35,'Pmx Queretaro','Thierry Flores, Angel Jehosafat','Centro','Gerencia de Zona Promexma','Construrama Promexma','E320','Queretaro');
INSERT INTO "sucursales" VALUES(36,'Pmx Recursos Hidraulicos','Toral Ramos, Jose Juan','Metro','Gerencia Regional Promexma','Construrama Promexma','E315','Recursos Hidraulicos');
INSERT INTO "sucursales" VALUES(37,'Pmx Salinas San Luis Potosi','Por asignar','Noreste','Gerencia Regional Promexma','Construrama Promexma','E415','Salinas');
INSERT INTO "sucursales" VALUES(38,'Pmx Salvatierra','Por asignar','Noreste','Gerencia Regional Promexma','Construrama Promexma','E942','Salvatierra');
INSERT INTO "sucursales" VALUES(39,'Pmx San Cristobal de Las Casas','Lopez Gomez, Marcos','Chiapas','Gerencia Regional Promexma','Construrama Promexma','E353','San Cristobal');
INSERT INTO "sucursales" VALUES(40,'Pmx San Diego de la Union','Por asignar','Noreste','Gerencia Regional Promexma','Construrama Promexma','E418','San Diego de la Union');
INSERT INTO "sucursales" VALUES(41,'Pmx San Jose Del Cabo','Mendivil Urquidez, Lucina Lydia','Pacifico','Gerencia Regional Promexma','Construrama Promexma','E417','San Jose Del Cabo');
INSERT INTO "sucursales" VALUES(42,'Pmx San Juan de Los Lagos','Belmonte Gonzalez, Cesar','Pacifico','Gerencia Regional Promexma','Construrama Promexma','E943','San Juan de Los Lagos');
INSERT INTO "sucursales" VALUES(43,'Pmx San Luis de la Paz','Figueroa Sanchez, Juan Manuel','Noreste','Gerencia Regional Promexma','Construrama Promexma','E959','San Luis de la Paz');
INSERT INTO "sucursales" VALUES(44,'Pmx San Luis Potosi','Noyola Guerrero, Oscar Hugo','Noreste','Gerencia Regional Promexma','Construrama Promexma','E327','San Luis Potosi');
INSERT INTO "sucursales" VALUES(45,'Pmx Ajalpan','Salinas Martinez, Juan Pablo','Oaxaca Sur','Gerencia Regional Promexma','Construrama Promexma','E339','San Martin');
INSERT INTO "sucursales" VALUES(46,'Pmx Tapachula','Reyes Constantino, Carlos Fernando','Chiapas','Gerencia Regional Promexma','Construrama Promexma','E352','Tapachula');
INSERT INTO "sucursales" VALUES(47,'Pmx Texcoco','Enciso Leon, Guisela Isbet','Metro','Gerencia Regional Promexma','Construrama Promexma','E954','Texcoco');
INSERT INTO "sucursales" VALUES(48,'Pmx Tezoyuca','Sandoval Garcia, Jose Armando','Centro','Gerencia de Zona Promexma','Construrama Promexma','E961','Tezoyuca');
INSERT INTO "sucursales" VALUES(49,'Pmx Tijuana','San Miguel Sifuentes, Adrian Alonso','Pacifico','Gerencia Regional Promexma','Construrama Promexma','E423','Tijuana');
INSERT INTO "sucursales" VALUES(50,'Pmx Tlacolula 2','Alavez Lopez, Irving Alan','Oaxaca Sur','Gerencia Regional Promexma','Construrama Promexma','E951','Tlacolula');
INSERT INTO "sucursales" VALUES(51,'Pmx Tlajomulco','Vergara Carrillo, Yessica Eugenia','Pacifico','Gerencia Regional Promexma','Construrama Promexma','E338','Tlajomulco');
INSERT INTO "sucursales" VALUES(52,'Pmx Tlalmanalco','Por asignar','Metro','Gerencia Regional Promexma','Construrama Promexma','E391','Tlalmanalco');
INSERT INTO "sucursales" VALUES(53,'Pmx Morelos','Por asignar','Pacifico','Gerencia Regional Promexma','Construrama Promexma','E947','Tlaquepaque');
INSERT INTO "sucursales" VALUES(54,'Pmx Tlaxcala','Por asignar','Oaxaca Sur','Gerencia Regional Promexma','Construrama Promexma','E340','Tlaxcala');
INSERT INTO "sucursales" VALUES(55,'Pmx Toluca','Diaz Salgado, Victor','Centro','Gerencia de Zona Promexma','Construrama Promexma','E341','Toluca');
INSERT INTO "sucursales" VALUES(56,'Pmx Tonala','Por asignar','Chiapas','Gerencia Regional Promexma','Construrama Promexma','E414','Tonala');
INSERT INTO "sucursales" VALUES(57,'Pmx Torreon','Flores Aguirre, Ricardo Tadeo','Noreste','Gerencia Regional Promexma','Construrama Promexma','E330','Torreon');
INSERT INTO "sucursales" VALUES(58,'Pmx Tula','Por asignar','Centro','Gerencia de Zona Promexma','Construrama Promexma','E318','Tula');
INSERT INTO "sucursales" VALUES(59,'Pmx Tultitlan','Tovar Nieto, Matias Eduardo','Metro','Gerencia Regional Promexma','Construrama Promexma','E321','Tultitlan');
INSERT INTO "sucursales" VALUES(60,'Pmx Tuxpan','Por asignar','Pacifico','Gerencia Regional Promexma','Construrama Promexma','E334','Tuxpan');
INSERT INTO "sucursales" VALUES(61,'Pmx Tuxtepec','Por asignar','Ver','Gerencia Regional Promexma','Construrama Promexma','E952','Tuxtepec');
INSERT INTO "sucursales" VALUES(62,'Pmx Tuxtla Gutierrez','Por asignar','Chiapas','Gerencia Regional Promexma','Construrama Promexma','E351','Tuxtla');
INSERT INTO "sucursales" VALUES(63,'Pmx Puerto Vallarta','Cruz Parra, Fabiola Del Rosario','Pacifico','Gerencia Regional Promexma','Construrama Promexma','E333','Vallarta');
INSERT INTO "sucursales" VALUES(64,'Pmx Valles','Por asignar','Noreste','Gerencia Regional Promexma','Construrama Promexma','E393','Valles');
INSERT INTO "sucursales" VALUES(65,'Pmx Veracruz','Por asignar','Ver','Gerencia Regional Promexma','Construrama Promexma','E313','Veracruz');
INSERT INTO "sucursales" VALUES(66,'Pmx Veracruz Norte','Maldonado Esparza, Francisco Manuel','Noreste','Gerencia Regional Promexma','Construrama Promexma','E466','Veracruz Norte');
INSERT INTO "sucursales" VALUES(67,'Pmx Viguera','Cuevas Victoria, Jorge','Oaxaca Sur','Gerencia Regional Promexma','Construrama Promexma','E365','Viguera');
INSERT INTO "sucursales" VALUES(68,'Pmx Villahermosa','Carrera Anlehu, Jorge Luis','Ver','Gerencia Regional Promexma','Construrama Promexma','E307','Villahermosa');
INSERT INTO "sucursales" VALUES(69,'Pmx Jalapa','Por asignar','Ver','Gerencia Regional Promexma','Construrama Promexma','E311','Xalapa');
CREATE TABLE usuarios (
        id INTEGER PRIMARY KEY,
        username TEXT UNIQUE NOT NULL,
        password TEXT NOT NULL,
        rol TEXT NOT NULL,
        sucursal_id INTEGER,
        FOREIGN KEY (sucursal_id) REFERENCES sucursales (id)
    );
INSERT INTO "usuarios" VALUES(1,'admin','$2b$12$nn7k1.esBkK0l7UoEkqBCO9w54PPdLlEjvvGOnmWJINvpsi4P7tFS','admin',NULL);
INSERT INTO "usuarios" VALUES(2,'manager','$2b$12$NzmxRgQ1wfEeWR1HIPDNCejJ2nEXVMtKwnzkyWA0HlrGDIIJgSwwG','manager',1);
INSERT INTO "usuarios" VALUES(3,'chgutierrezm','$2b$12$ddExYwoqUgoJSwYsDpqYZOQNlCwYQcrHPoivI/aLnQbxCRwfqBjk.','manager',1);
INSERT INTO "usuarios" VALUES(4,'vpanom','$2b$12$ddExYwoqUgoJSwYsDpqYZOQNlCwYQcrHPoivI/aLnQbxCRwfqBjk.','manager',2);
INSERT INTO "usuarios" VALUES(5,'rromerod','$2b$12$ddExYwoqUgoJSwYsDpqYZOQNlCwYQcrHPoivI/aLnQbxCRwfqBjk.','manager',3);
INSERT INTO "usuarios" VALUES(6,'equijano','$2b$12$ddExYwoqUgoJSwYsDpqYZOQNlCwYQcrHPoivI/aLnQbxCRwfqBjk.','manager',4);
INSERT INTO "usuarios" VALUES(7,'simora','$2b$12$ddExYwoqUgoJSwYsDpqYZOQNlCwYQcrHPoivI/aLnQbxCRwfqBjk.','manager',5);
INSERT INTO "usuarios" VALUES(8,'rsonda','$2b$12$ddExYwoqUgoJSwYsDpqYZOQNlCwYQcrHPoivI/aLnQbxCRwfqBjk.','manager',6);
INSERT INTO "usuarios" VALUES(9,'rjespinoza','$2b$12$ddExYwoqUgoJSwYsDpqYZOQNlCwYQcrHPoivI/aLnQbxCRwfqBjk.','manager',7);
INSERT INTO "usuarios" VALUES(10,'pasignar','$2b$12$ddExYwoqUgoJSwYsDpqYZOQNlCwYQcrHPoivI/aLnQbxCRwfqBjk.','manager',8);
INSERT INTO "usuarios" VALUES(11,'lznglpino','$2b$12$ddExYwoqUgoJSwYsDpqYZOQNlCwYQcrHPoivI/aLnQbxCRwfqBjk.','manager',9);
INSERT INTO "usuarios" VALUES(12,'oscargabrieldiaz','$2b$12$ddExYwoqUgoJSwYsDpqYZOQNlCwYQcrHPoivI/aLnQbxCRwfqBjk.','manager',11);
INSERT INTO "usuarios" VALUES(13,'jsblopez','$2b$12$ddExYwoqUgoJSwYsDpqYZOQNlCwYQcrHPoivI/aLnQbxCRwfqBjk.','manager',13);
INSERT INTO "usuarios" VALUES(14,'lavendano','$2b$12$ddExYwoqUgoJSwYsDpqYZOQNlCwYQcrHPoivI/aLnQbxCRwfqBjk.','manager',14);
INSERT INTO "usuarios" VALUES(15,'ekeymurth','$2b$12$ddExYwoqUgoJSwYsDpqYZOQNlCwYQcrHPoivI/aLnQbxCRwfqBjk.','manager',15);
INSERT INTO "usuarios" VALUES(16,'rflorespr','$2b$12$ddExYwoqUgoJSwYsDpqYZOQNlCwYQcrHPoivI/aLnQbxCRwfqBjk.','manager',16);
INSERT INTO "usuarios" VALUES(17,'srivasr','$2b$12$ddExYwoqUgoJSwYsDpqYZOQNlCwYQcrHPoivI/aLnQbxCRwfqBjk.','manager',17);
INSERT INTO "usuarios" VALUES(18,'avillalobosa','$2b$12$ddExYwoqUgoJSwYsDpqYZOQNlCwYQcrHPoivI/aLnQbxCRwfqBjk.','manager',22);
INSERT INTO "usuarios" VALUES(19,'carlosdiaz','$2b$12$ddExYwoqUgoJSwYsDpqYZOQNlCwYQcrHPoivI/aLnQbxCRwfqBjk.','manager',23);
INSERT INTO "usuarios" VALUES(20,'gerardorios','$2b$12$ddExYwoqUgoJSwYsDpqYZOQNlCwYQcrHPoivI/aLnQbxCRwfqBjk.','manager',24);
INSERT INTO "usuarios" VALUES(21,'crlgarciam','$2b$12$ddExYwoqUgoJSwYsDpqYZOQNlCwYQcrHPoivI/aLnQbxCRwfqBjk.','manager',25);
INSERT INTO "usuarios" VALUES(22,'jhilariog','$2b$12$ddExYwoqUgoJSwYsDpqYZOQNlCwYQcrHPoivI/aLnQbxCRwfqBjk.','manager',29);
INSERT INTO "usuarios" VALUES(23,'vgodinez','$2b$12$ddExYwoqUgoJSwYsDpqYZOQNlCwYQcrHPoivI/aLnQbxCRwfqBjk.','manager',32);
INSERT INTO "usuarios" VALUES(24,'hzapien','$2b$12$ddExYwoqUgoJSwYsDpqYZOQNlCwYQcrHPoivI/aLnQbxCRwfqBjk.','manager',34);
INSERT INTO "usuarios" VALUES(25,'athierry','$2b$12$ddExYwoqUgoJSwYsDpqYZOQNlCwYQcrHPoivI/aLnQbxCRwfqBjk.','manager',35);
INSERT INTO "usuarios" VALUES(26,'jtoralr','$2b$12$ddExYwoqUgoJSwYsDpqYZOQNlCwYQcrHPoivI/aLnQbxCRwfqBjk.','manager',36);
INSERT INTO "usuarios" VALUES(27,'mrclopezg','$2b$12$ddExYwoqUgoJSwYsDpqYZOQNlCwYQcrHPoivI/aLnQbxCRwfqBjk.','manager',39);
INSERT INTO "usuarios" VALUES(28,'lmendivil','$2b$12$ddExYwoqUgoJSwYsDpqYZOQNlCwYQcrHPoivI/aLnQbxCRwfqBjk.','manager',41);
INSERT INTO "usuarios" VALUES(29,'cbelmonteg','$2b$12$ddExYwoqUgoJSwYsDpqYZOQNlCwYQcrHPoivI/aLnQbxCRwfqBjk.','manager',42);
INSERT INTO "usuarios" VALUES(30,'jnfigueroas','$2b$12$ddExYwoqUgoJSwYsDpqYZOQNlCwYQcrHPoivI/aLnQbxCRwfqBjk.','manager',43);
INSERT INTO "usuarios" VALUES(31,'onoyola','$2b$12$ddExYwoqUgoJSwYsDpqYZOQNlCwYQcrHPoivI/aLnQbxCRwfqBjk.','manager',44);
INSERT INTO "usuarios" VALUES(32,'jnsalinas','$2b$12$ddExYwoqUgoJSwYsDpqYZOQNlCwYQcrHPoivI/aLnQbxCRwfqBjk.','manager',45);
INSERT INTO "usuarios" VALUES(33,'creyesc','$2b$12$ddExYwoqUgoJSwYsDpqYZOQNlCwYQcrHPoivI/aLnQbxCRwfqBjk.','manager',46);
INSERT INTO "usuarios" VALUES(34,'genciso','$2b$12$ddExYwoqUgoJSwYsDpqYZOQNlCwYQcrHPoivI/aLnQbxCRwfqBjk.','manager',47);
INSERT INTO "usuarios" VALUES(35,'jsandovalg','$2b$12$ddExYwoqUgoJSwYsDpqYZOQNlCwYQcrHPoivI/aLnQbxCRwfqBjk.','manager',48);
INSERT INTO "usuarios" VALUES(36,'asanmiguels','$2b$12$ddExYwoqUgoJSwYsDpqYZOQNlCwYQcrHPoivI/aLnQbxCRwfqBjk.','manager',49);
INSERT INTO "usuarios" VALUES(37,'ialavez','$2b$12$ddExYwoqUgoJSwYsDpqYZOQNlCwYQcrHPoivI/aLnQbxCRwfqBjk.','manager',50);
INSERT INTO "usuarios" VALUES(38,'yvergara','$2b$12$ddExYwoqUgoJSwYsDpqYZOQNlCwYQcrHPoivI/aLnQbxCRwfqBjk.','manager',51);
INSERT INTO "usuarios" VALUES(39,'victordiaz','$2b$12$ddExYwoqUgoJSwYsDpqYZOQNlCwYQcrHPoivI/aLnQbxCRwfqBjk.','manager',55);
INSERT INTO "usuarios" VALUES(40,'rfloresgr','$2b$12$ddExYwoqUgoJSwYsDpqYZOQNlCwYQcrHPoivI/aLnQbxCRwfqBjk.','manager',57);
INSERT INTO "usuarios" VALUES(41,'mtovarn','$2b$12$ddExYwoqUgoJSwYsDpqYZOQNlCwYQcrHPoivI/aLnQbxCRwfqBjk.','manager',59);
INSERT INTO "usuarios" VALUES(42,'frcruz','$2b$12$ddExYwoqUgoJSwYsDpqYZOQNlCwYQcrHPoivI/aLnQbxCRwfqBjk.','manager',63);
INSERT INTO "usuarios" VALUES(43,'fmaldonadosp','$2b$12$ddExYwoqUgoJSwYsDpqYZOQNlCwYQcrHPoivI/aLnQbxCRwfqBjk.','manager',66);
INSERT INTO "usuarios" VALUES(44,'jcuevas','$2b$12$ddExYwoqUgoJSwYsDpqYZOQNlCwYQcrHPoivI/aLnQbxCRwfqBjk.','manager',67);
INSERT INTO "usuarios" VALUES(45,'jcarrera','$2b$12$ddExYwoqUgoJSwYsDpqYZOQNlCwYQcrHPoivI/aLnQbxCRwfqBjk.','manager',68);
COMMIT;
